name,hp,attacks_per_round,dice_count,dice_sides,bonus_damage,strength,dexterity,power,col_9,armor,col_11,col_12,col_13,col_14,col_15,col_16,col_17,col_18,col_19,col_20,col_21,col_22,col_23,col_24,col_25,col_26,col_27,col_28,col_29,merc_tier,col_31,spell_1,spell_2,spell_3,spell_4,col_36,col_37,col_38,col_39,elemental_fire,elemental_earth,elemental_air,elemental_water,col_44,col_45,col_46,col_47,col_48,col_49,col_50,levelup_into,col_52,col_53,col_54,col_55,col_56,col_57,col_58,name_en,name_et
Piigimees,12,1,1,5,1,3,2,2,1,3,8,6,1,,0,0,0,0,0,0,0,0,0,0,0,0,0,0,0,5,0,0,0,0,0,0,0,0,0,0,0,0,0,0,0,0,0,0,0,0,0,0,,,,,,,Pikeman,Piigimees
Mõõgamees,15,1,1,6,2,3,2,2,2,4,8,6,1,,0,0,0,0,0,0,0,0,0,0,0,0,0,0,0,7,0,0,0,0,0,0,0,0,0,0,0,0,0,0,0,0,0,0,0,0,0,0,,,,,,,Swordman,Mõõgamees
Rüütel,25,1,3,5,2,5,4,4,5,7,2,9,6,,0,0,0,0,0,0,0,0,0,0,0,0,0,0,0,16,0,0,0,0,0,0,0,0,0,0,0,0,0,0,0,0,0,0,0,0,0,0,,,,,,,Knight,Rüütel
Kangelane,38,2,3,6,2,5,4,5,5,9,2,9,7,,0,0,0,0,0,0,0,0,0,0,0,0,0,0,0,18,0,0,0,0,0,1,0,0,0,0,0,0,0,0,0,0,0,0,0,0,0,0,,,,,,,Paladin,Kangelane
Kadett,11,1,1,4,1,3,2,2,0,3,8,6,1,,0,0,0,0,0,0,0,0,0,0,0,0,0,0,0,5,0,0,0,0,0,0,0,0,0,0,0,0,0,0,0,0,0,0,0,0,0,0,,,,,,,Cadet,Kadett
Ratsanik,18,1,1,7,3,3,4,2,1,3,7,6,2,,0,0,0,0,0,0,0,0,0,0,0,0,0,0,0,9,0,0,0,0,0,0,0,0,0,0,0,0,0,0,0,0,0,0,0,0,0,0,,,,,,,Horseman,Ratsanik
Valge rüütel,30,1,1,14,1,4,4,4,3,7,2,9,6,,0,0,0,0,0,0,0,0,0,0,0,0,0,0,0,13,0,0,0,0,0,0,0,0,0,0,0,0,0,0,0,0,0,0,0,0,0,0,,,,,,,White Knight,Valge rüütel
Sõjaväe ülem,45,2,4,4,2,5,5,4,3,9,2,8,7,,0,0,0,0,0,0,0,0,0,0,0,0,0,0,0,17,0,0,0,0,0,1,0,0,0,0,0,0,0,0,0,0,0,0,0,0,0,0,,,,,,,Warlord,Sõjaväe ülem
Karu,20,1,1,7,-1,5,2,2,0,0,3,7,2,,0,0,0,0,0,0,0,0,0,0,0,0,0,0,0,11,0,0,0,0,0,0,0,0,0,0,0,0,0,0,0,0,0,0,0,0,0,0,,,,,,,Bear,Karu
Kentaur,25,1,1,8,2,5,3,3,0,2,4,6,3,,0,0,0,0,0,0,0,0,0,0,0,0,0,0,0,12,0,0,0,0,0,0,0,0,0,0,0,0,0,0,0,0,0,0,0,0,0,0,,,,,,,Centaur,Kentaur
Ükssarvik,40,1,3,3,1,5,4,6,1,7,5,4,6,,0,0,0,0,0,0,0,0,0,0,0,0,3,0,0,16,0,0,0,0,0,0,0,0,0,0,0,0,0,0,0,0,0,0,0,0,0,0,,,,,,,Unicorn,Ükssarvik
Fööniks,60,2,2,8,-1,6,7,7,1,0,1,7,8,,0,0,0,0,0,0,0,0,0,0,0,0,0,0,0,30,0,0,0,0,0,0,0,0,0,8,0,0,0,0,0,0,0,0,0,0,0,0,,,,,,,Phoenix,Fööniks
Ork,18,1,2,3,3,5,2,1,1,1,3,4,2,,0,0,0,0,0,0,0,0,0,0,0,0,0,0,0,6,0,0,0,0,0,0,0,0,0,0,0,0,0,0,0,0,0,0,0,0,0,0,,,,,,,Orc,Ork
Troll,28,1,2,5,0,6,2,2,1,0,5,8,5,,0,0,0,0,0,0,0,0,0,0,0,0,0,0,0,14,0,0,0,0,0,0,0,0,0,0,0,0,0,0,0,0,0,0,0,0,0,0,,,,,,,Troll,Troll
Mäehiiglane,40,1,2,8,3,7,2,3,1,1,6,6,6,,0,0,0,0,0,0,0,0,0,0,0,0,0,0,0,17,0,0,0,0,0,0,0,0,0,0,0,0,0,0,0,0,0,0,0,0,0,0,,,,,,,Hill Giant,Mäehiiglane
Kurat,60,2,1,10,3,8,5,8,3,0,0,7,3,,0,0,0,0,0,0,0,0,0,0,0,0,0,0,0,35,0,0,0,0,0,0,0,0,0,0,8,0,0,0,0,0,0,0,0,0,0,0,,,,,,,Devil,Kurat
Ogre,25,1,2,5,3,7,1,1,1,1,3,7,3,,0,0,0,0,0,0,0,0,0,0,0,0,0,0,0,13,0,0,0,0,0,0,0,0,0,0,0,0,0,0,0,0,0,0,0,0,0,0,,,,,,,Ogre,Ogre
Ratsaväelane,28,2,2,3,2,4,4,4,2,4,4,6,5,,0,0,0,0,0,0,0,0,0,0,0,0,0,0,0,11,0,0,0,0,0,0,0,0,0,0,0,0,0,0,0,0,0,0,0,0,0,0,,,,,,,Cavalier,Ratsaväelane
Päkapikk,15,1,2,3,3,4,1,3,2,5,7,6,3,,0,0,0,0,0,0,0,0,0,0,0,0,0,0,0,9,0,0,0,0,0,0,0,0,0,0,0,0,0,0,0,0,0,0,0,0,0,0,,,,,,,Dwarf,Päkapikk
Golem,25,1,2,5,0,5,1,3,3,8,10,9,5,,0,0,0,0,0,0,0,0,0,0,0,0,0,0,0,16,0,0,0,0,0,0,0,0,0,0,0,0,0,0,0,0,1,1,0,0,0,0,,,,,,,Golem,Golem
Lahinguäss,35,2,2,4,3,5,2,4,4,6,8,8,5,,0,0,0,0,0,0,0,0,0,0,0,0,0,0,0,15,0,0,0,0,0,0,0,0,0,0,0,0,0,0,0,0,0,0,0,0,0,0,,,,,,,Battlemaster,Lahinguäss
Kivihiiglane,50,1,4,7,3,9,2,7,6,1,5,10,8,,0,0,0,0,0,0,0,0,0,0,0,0,0,0,0,28,0,0,0,0,0,0,0,0,0,0,0,0,0,0,0,0,1,0,0,0,0,0,,,,,,,Rock Giant,Kivihiiglane
Deemon,20,1,1,8,1,7,4,6,2,0,0,6,3,,0,0,0,0,0,0,0,0,0,0,0,0,0,0,0,13,0,0,0,0,0,0,0,0,0,0,0,0,0,0,0,0,0,0,0,0,0,0,,,,,,,Demon,Deemon
Skorpion,8,1,1,3,-1,1,1,1,0,0,1,8,1,,0,0,0,0,0,0,0,0,0,0,0,0,0,0,0,5,0,0,0,0,0,1,0,0,0,0,4,0,0,0,0,0,0,0,0,0,0,0,,,,,,,Scorpion,Skorpion
Nomaad,18,1,1,5,2,3,2,2,0,4,6,7,2,,0,0,0,0,0,0,0,0,0,0,0,0,0,0,0,6,0,0,0,0,0,0,0,0,0,0,0,0,0,0,0,0,0,0,0,0,0,0,,,,,,,Nomad,Nomaad
Dzinni,30,1,1,10,1,6,4,6,1,7,4,6,7,,0,0,40,0,0,0,0,0,0,2,0,0,0,0,0,24,1,Piksenool,0,0,0,1,0,0,0,0,0,0,0,0,0,0,0,0,0,0,0,0,,,,,,,Djinn,Dzinni
Suur Liivamadu,60,1,3,10,-1,8,4,6,1,0,0,5,5,,0,0,0,0,0,0,0,0,0,0,0,0,0,0,0,26,0,0,0,0,0,0,0,0,0,0,10,0,0,0,0,0,0,0,0,0,0,0,,,,,,,Sand Wyrm,Suur Liivamadu
Zombi,13,1,1,4,0,3,1,1,0,0,10,9,2,,0,0,0,0,0,0,0,0,0,0,0,0,0,0,0,4,0,0,0,0,0,0,0,0,0,0,0,0,0,0,0,0,1,1,0,0,0,0,,,,,,,Zombie,Zombi
Ghuul,20,1,1,6,3,4,2,2,1,0,10,9,3,,0,0,0,0,0,0,0,0,0,0,0,0,0,0,0,6,0,0,0,0,0,0,0,0,0,0,0,0,0,0,0,0,1,1,0,0,0,0,,,,,,,Ghoul,Ghuul
Wraith,30,1,3,3,1,2,3,5,2,0,7,4,5,,0,0,0,0,0,0,0,0,0,0,0,0,0,0,0,14,0,0,0,0,0,0,0,0,0,0,0,0,0,0,0,0,1,1,0,0,0,0,,,,,,,Wraith,Wraith
Luukeredraakon,50,1,2,10,-1,10,4,5,3,0,0,8,8,,0,0,0,0,0,0,0,0,0,0,0,0,0,0,0,28,0,0,0,0,0,0,0,0,0,0,10,0,0,0,0,0,1,1,0,0,0,0,,,,,,,Bone Dragon,Luukeredraakon
Draakonipoeg,25,1,2,6,-1,7,4,5,1,0,0,6,5,,0,0,0,0,0,0,0,0,0,0,0,0,0,0,0,10,0,0,0,0,0,0,0,0,0,0,0,0,0,0,0,0,0,0,0,0,0,0,,,,,,,Drake,Draakonipoeg
Punane Draakon,40,2,2,4,-1,11,5,8,3,0,0,7,8,,0,0,0,0,0,0,0,0,0,0,0,0,0,0,0,45,0,0,0,0,0,0,0,0,0,4,0,0,0,0,0,0,0,0,0,0,0,0,,,,,,,Red Dragon,Punane Draakon
Must Draakon,50,2,3,4,-1,11,5,10,3,0,0,7,8,,0,0,0,0,0,0,0,0,0,0,0,0,0,0,0,50,0,0,0,0,0,0,0,0,0,0,0,6,0,0,0,0,0,0,0,0,0,0,,,,,,,Black Dragon,Must Draakon
Iidne Draakon,90,2,5,3,-1,13,5,12,5,0,0,8,9,,0,0,0,0,0,0,0,0,0,0,0,0,0,0,0,88,0,0,0,0,0,0,0,0,0,10,0,0,0,0,0,0,0,0,0,0,0,0,,,,,,,Ancient Dragon,Iidne Draakon
Vampiir,22,1,1,9,1,7,4,7,1,0,0,5,6,,0,0,0,0,0,0,0,0,0,0,0,0,0,0,0,20,0,0,0,0,0,0,0,0,0,0,0,0,0,0,0,0,1,0,0,0,0,0,,,,,,,Vampire,Vampiir
Vaim,30,1,1,2,1,1,1,2,0,10,0,9,2,,0,0,0,0,0,0,0,0,0,0,0,0,0,0,0,4,0,0,0,0,0,0,0,0,0,0,0,0,0,0,0,0,1,0,0,0,0,0,,,,,,,Spirit,Vaim
Kaitsevaim,40,1,1,5,1,1,1,3,0,10,0,9,3,,0,0,0,0,0,0,0,0,0,0,0,0,0,0,0,5,0,0,0,0,0,0,0,0,0,0,0,0,0,0,0,0,1,0,0,0,0,0,,,,,,,Guardian Spirit,Kaitsevaim
Ingel,35,1,4,5,2,10,4,10,2,10,0,9,9,,0,0,0,0,0,0,0,0,0,0,0,0,0,0,0,25,0,0,0,0,0,0,0,0,0,0,0,0,0,0,0,0,0,0,0,0,0,0,,,,,,,Angel,Ingel
Peaingel,55,2,5,5,2,11,7,12,3,10,0,9,9,,0,0,0,0,0,0,0,0,0,0,0,0,0,0,0,30,0,0,0,0,0,0,0,0,0,0,0,0,0,0,0,0,0,0,0,0,0,0,,,,,,,Arcangel,Peaingel
Jumal,1000,5,100,100,0,20,20,20,20,0,0,10,10,,0,0,0,0,0,0,0,0,0,0,0,0,0,0,0,1000,0,0,0,0,0,0,0,0,0,0,0,0,0,0,0,0,0,0,0,0,0,0,,,,,,,God,Jumal
Luukere,9,1,1,5,1,2,2,1,2,0,10,9,2,,0,0,0,0,0,0,0,0,0,0,0,0,0,0,0,4,0,0,0,0,0,0,0,0,0,0,0,0,0,0,0,0,1,1,0,0,0,0,,,,,,,Skeleton,Luukere
Tule Elemental,24,1,2,7,4,6,3,5,1,0,10,9,5,,0,0,0,0,0,0,0,0,0,0,0,0,0,0,0,15,0,0,0,0,0,0,0,0,0,5,0,0,0,0,0,0,1,1,0,0,0,0,,,,,,,Fire Elemental,Tule Elemental
Õhu Elemental,22,2,1,8,6,6,5,5,1,0,10,9,5,,0,0,0,0,0,0,0,0,0,0,0,0,0,0,0,15,0,0,0,0,0,0,0,0,0,0,0,5,0,0,0,0,1,1,1,0,0,0,,,,,,,Air Elemental,Õhu Elemental
Vee Elemental,25,1,2,5,7,6,2,5,1,0,10,9,5,,0,0,0,0,0,0,0,0,0,0,0,0,0,0,0,15,0,0,0,0,0,0,0,0,0,0,0,0,5,0,0,0,1,1,0,0,0,0,,,,,,,Water Elemental,Vee Elemental
Maa Elemental,32,1,3,5,5,7,1,5,1,0,10,9,5,,0,0,0,0,0,0,0,0,0,0,0,0,0,0,0,15,0,0,0,0,0,0,0,0,0,0,0,0,0,0,0,0,1,1,0,0,0,0,,,,,,,Earth Elemental,Maa Elemental
Vibukütt,9,1,1,4,11,2,3,2,0,0,8,3,3,,0,0,0,0,0,0,0,0,0,0,0,0,0,0,0,5,0,0,0,0,0,0,0,0,0,0,0,0,0,0,0,0,0,0,0,0,0,0,,,,,,,Archer,Vibukütt
Ambur,11,1,1,7,11,2,3,3,0,0,8,3,4,,0,0,0,0,0,0,0,0,0,0,0,0,0,0,0,7,0,0,0,0,0,0,0,0,0,0,0,0,0,0,0,0,0,0,0,0,0,0,,,,,,,Crossbowman,Ambur
Täpsuslaskur,14,1,3,3,11,2,4,5,0,0,8,3,7,,0,0,0,0,0,0,0,0,0,0,0,0,0,0,0,12,0,0,0,0,0,0,0,0,0,0,0,0,0,0,0,0,0,0,0,0,0,0,,,,,,,Elite Archer,Täpsuslaskur
Kantsi Värav,15,1,0,0,0,0,0,1,1,0,10,10,8,,0,0,0,0,0,0,0,0,0,0,0,0,0,0,1,1000,0,0,0,0,0,0,0,0,0,0,0,0,0,0,0,0,1,1,1,0,0,0,,,,,,,Fort Gate,Kantsi Värav
Linnuse Värav,30,1,0,0,0,0,0,1,2,0,10,10,9,,0,0,0,0,0,0,0,0,0,0,0,0,0,0,1,1000,0,0,0,0,0,0,0,0,0,0,0,0,0,0,0,0,1,1,1,0,0,0,,,,,,,Citadel Gate,Linnuse Värav
Lossi Värav,50,1,0,0,0,0,0,2,3,0,10,10,9,,0,0,0,0,0,0,0,0,0,0,0,0,0,0,1,1000,0,0,0,0,0,0,0,0,0,0,0,0,0,0,0,0,1,1,1,0,0,0,,,,,,,Castle Gate,Lossi Värav
Torni Uks,10,1,0,0,0,0,0,1,0,0,10,10,4,,0,0,0,0,0,0,0,0,0,0,0,0,0,0,1,1000,0,0,0,0,0,0,0,0,0,0,0,0,0,0,0,0,1,1,1,0,0,0,,,,,,,Tower Door,Torni Uks
Maagi õpilane,9,1,1,4,11,2,3,3,0,2,7,2,5,,0,0,0,0,0,0,20,0,0,0,0,0,0,2,0,10,1,Maagia nool,0,0,0,1,0,0,0,0,0,0,0,0,0,0,0,0,0,0,0,0,,,,,,,Apprentice,Maagi õpilane
Maag,15,1,1,4,11,2,3,4,0,2,6,3,6,,50,0,0,0,0,0,0,3,0,0,0,0,0,0,0,15,1,Tulenool,0,0,0,1,0,0,0,0,0,0,0,0,0,0,0,0,0,0,0,0,,,,,,,Mage,Maag
Nõid,20,1,1,4,11,2,3,5,0,2,6,3,7,,0,0,40,40,0,0,0,2,0,2,1,0,0,0,0,18,2,Piksenool,Jäänool,0,0,1,1,0,0,0,0,0,0,0,0,0,0,0,0,0,0,0,,,,,,,Sorcerer,Nõid
Võlur,25,1,1,4,11,3,3,7,0,2,3,8,8,,80,40,40,40,0,0,0,3,2,2,2,0,0,0,0,25,3,Tulekera,Maagia nool,Piksenool,0,2,1,2,1,0,0,0,0,0,0,0,0,0,0,0,0,0,,,,,,,Wizard,Võlur
Tilluke haldjas,8,2,1,3,1,1,5,5,0,4,4,2,1,,0,0,0,0,0,0,0,0,0,0,0,0,0,0,0,7,0,0,0,0,0,0,0,0,0,0,0,0,0,0,0,0,0,0,0,0,0,0,,,,,,,Sprite,Tilluke haldjas
Barbar,15,1,1,5,2,3,2,2,1,3,2,7,2,,0,0,0,0,0,0,0,0,0,0,0,0,0,0,0,6,0,0,0,0,0,0,0,0,0,0,0,0,0,0,0,0,0,0,0,0,0,0,,,,,,,Barbarian,Barbar
Sõjapealik,30,1,3,5,3,6,4,3,2,4,3,8,5,,0,0,0,0,0,0,0,0,0,0,0,0,0,0,0,14,0,0,0,0,0,0,0,0,0,0,0,0,0,0,0,0,0,0,0,0,0,0,,,,,,,Warchief,Sõjapealik
Titaan,70,1,4,6,3,13,3,5,2,0,1,9,9,,0,0,0,0,0,0,0,0,0,0,0,0,0,0,0,40,0,0,0,0,0,0,0,0,0,0,0,0,0,0,0,0,0,0,0,0,0,0,,,,,,,Titan,Titaan
Savi Golem,12,1,1,6,3,4,1,3,1,8,10,9,2,,0,0,0,0,0,0,0,0,0,0,0,0,0,0,0,10,0,0,0,0,0,0,0,0,0,0,0,0,0,0,0,0,1,1,0,0,0,0,,,,,,,Clay Golem,Savi Golem
Kivi Golem,15,1,2,4,3,5,1,4,3,8,10,9,3,,0,0,0,0,0,0,0,0,0,0,0,0,0,0,0,12,0,0,0,0,0,0,0,0,0,0,0,0,0,0,0,0,1,1,0,0,0,0,,,,,,,Stone Golem,Kivi Golem
Raud Golem,18,1,2,6,3,6,2,5,4,8,10,9,4,,0,0,0,0,0,0,0,0,0,0,0,0,0,0,0,14,0,0,0,0,0,0,0,0,0,0,0,0,0,0,0,0,1,1,0,0,0,0,,,,,,,Iron Golem,Raud Golem
Teras Golem,20,1,2,7,3,7,2,5,5,8,10,9,5,,0,0,0,0,0,0,0,0,0,0,0,0,0,0,0,16,0,0,0,0,0,0,0,0,0,0,0,0,0,0,0,0,1,1,0,0,0,0,,,,,,,Steel Golem,Teras Golem
Jahimees,12,1,1,4,11,3,4,3,1,1,6,5,2,,0,0,0,0,0,0,0,0,0,0,0,0,0,0,0,5,0,0,0,0,0,0,0,0,0,0,0,0,0,0,0,0,0,0,0,0,0,0,,,,,,,Hunter,Jahimees
Shamaan,26,1,2,3,3,4,3,5,1,3,5,5,5,,0,30,0,0,0,0,0,0,3,0,0,0,0,0,0,20,1,Maa haamer,0,0,0,1,0,0,0,0,0,0,0,0,0,0,0,0,0,0,0,0,,,,,,,Shaman,Shamaan
Metsavaht,20,1,2,3,2,4,3,4,1,7,6,7,3,,0,0,0,0,0,0,0,0,0,0,0,0,0,0,0,12,0,0,0,0,0,0,0,0,0,0,0,0,0,0,0,0,0,0,0,0,0,0,,,,,,,Ranger,Metsavaht
Deemonhunt,33,2,2,6,-1,5,6,5,2,0,0,6,6,,0,0,0,30,0,0,0,0,0,0,2,0,0,0,0,25,1,Jäänool,0,0,0,1,0,0,0,0,0,0,0,0,0,0,0,0,0,0,0,0,,,,,,,Demon wolf,Deemonhunt
Dervish,16,1,1,5,1,3,4,5,0,6,6,5,3,,0,0,40,0,0,0,0,0,0,2,0,0,0,0,0,8,0,0,0,0,0,0,0,0,0,0,0,0,0,0,0,0,0,0,0,0,0,0,,,,,,,Dervis,Dervish
Koerakoonlane,9,1,1,3,1,1,2,1,0,1,5,4,1,,0,0,0,0,0,0,0,0,0,0,0,0,0,0,0,3,0,0,0,0,0,0,0,0,0,0,0,0,0,0,0,0,0,0,0,0,0,0,,,,,,,Kobold,Koerakoonlane
Harpüia,18,1,1,6,0,2,3,3,1,1,4,5,3,,0,0,0,0,0,0,0,0,0,0,0,0,0,0,0,9,0,0,0,0,0,0,0,0,0,0,0,0,0,0,0,0,0,0,0,0,0,0,,,,,,,Harpy,Harpüia
Fanaatik,25,2,2,3,2,6,3,4,1,5,6,10,3,,0,0,0,0,0,0,0,0,0,0,0,0,0,0,0,14,0,0,0,0,0,0,0,0,0,0,0,0,0,0,0,0,0,0,0,0,0,0,,,,,,,Berserker,Fanaatik
Hiigelmadu,50,1,3,8,-1,10,3,5,2,0,0,5,9,,0,0,0,0,0,0,0,0,0,0,0,0,0,0,0,25,0,0,0,0,0,0,0,0,0,0,10,0,0,0,0,0,0,0,0,0,0,0,,,,,,,Great Wyrm,Hiigelmadu
Knoll,13,1,1,5,2,3,2,1,0,1,5,5,2,,0,0,0,0,0,0,0,0,0,0,0,0,0,0,0,5,0,0,0,0,0,0,0,0,0,0,0,0,0,0,0,0,0,0,0,0,0,0,,,,,,,Gnoll,Knoll
Basilisk,20,1,1,6,-1,3,2,4,0,0,0,6,3,,0,0,0,0,0,0,0,0,0,0,0,0,0,0,0,9,0,0,0,0,0,0,0,0,0,0,0,0,0,0,0,0,0,0,0,0,0,0,,,,,,,Basilisk,Basilisk
Libahunt,30,1,2,7,-1,6,4,4,1,0,0,7,5,,0,0,0,0,0,0,0,0,0,0,0,0,0,0,0,15,0,0,0,0,0,0,0,0,0,0,0,0,0,0,0,0,0,0,0,0,0,0,,,,,,,Werewolf,Libahunt
Võimas Gorgon,40,1,2,9,0,7,3,4,1,0,3,8,6,,0,0,0,0,0,0,0,0,0,0,0,0,0,0,0,20,0,0,0,0,0,0,0,0,0,0,0,0,0,0,0,0,0,0,0,0,0,0,,,,,,,Mighty Gorgon,Võimas Gorgon
Nahkhiir,7,1,1,2,-1,1,4,1,0,0,4,6,1,,0,0,0,0,0,0,0,0,0,0,0,0,0,0,0,3,0,0,0,0,0,0,0,0,0,0,0,0,0,0,0,0,0,0,0,0,0,0,,,,,,,Bat,Nahkhiir
Paharett,15,1,1,5,2,2,2,2,1,1,6,6,2,,0,0,0,0,0,0,0,0,0,0,0,0,0,0,0,5,0,0,0,0,0,0,0,0,0,0,0,0,0,0,0,0,0,0,0,0,0,0,,,,,,,Goblin,Paharett
Kivideemon,25,1,2,4,1,4,4,4,3,1,2,6,3,,0,0,0,0,0,0,0,0,0,0,0,0,0,0,0,14,0,0,0,0,0,0,0,0,0,0,0,0,0,0,0,0,0,0,0,0,0,0,,,,,,,Gargoyle,Kivideemon
Minotaur,39,1,2,10,3,7,3,5,3,1,3,8,6,,0,0,0,0,0,0,0,0,0,0,0,0,0,0,0,22,0,0,0,0,0,0,0,0,0,0,0,0,0,0,0,0,0,0,0,0,0,0,,,,,,,Minotaur,Minotaur
Madu,8,1,1,3,-1,3,1,2,0,0,0,4,1,,0,0,0,0,0,0,0,0,0,0,0,0,0,0,0,3,0,0,0,0,0,0,0,0,0,0,4,0,0,0,0,0,0,0,0,0,0,0,,,,,,,Snake,Madu
Gorilla,15,1,1,7,0,4,3,2,1,0,3,6,3,,0,0,0,0,0,0,0,0,0,0,0,0,0,0,0,9,0,0,0,0,0,0,0,0,0,0,0,0,0,0,0,0,0,0,0,0,0,0,,,,,,,Gorilla,Gorilla
Tiiger,32,1,3,3,-1,5,3,3,1,0,2,6,3,,0,0,0,0,0,0,0,0,0,0,0,0,0,0,0,12,0,0,0,0,0,0,0,0,0,0,0,0,0,0,0,0,0,0,0,0,0,0,,,,,,,Tiger,Tiiger
Loomade Isand,40,1,2,6,1,5,4,5,2,6,4,7,6,,0,30,0,0,0,0,0,0,0,0,0,0,0,0,0,22,1,Kutsu metsloomi,0,0,0,2,0,0,0,0,0,0,0,0,0,0,0,0,0,0,0,0,,,,,,,Beastmaster,Loomade Isand
Lõvi,40,1,3,6,-1,5,3,3,1,0,2,6,3,,0,0,0,0,0,0,0,0,0,0,0,0,0,0,0,12,0,0,0,0,0,0,0,0,0,0,0,0,0,0,0,0,0,0,0,0,0,0,,,,,,,Lion,Lõvi
Varjuhaldjas,13,1,1,3,2,2,3,2,1,1,6,6,2,,0,0,0,0,0,0,10,0,0,0,0,0,0,2,0,6,1,Maagia nool,0,0,0,1,0,0,0,0,0,0,0,0,0,0,0,0,0,0,0,0,,,,,,,Dark Elf,Varjuhaldjas
Ämbliknaine,19,1,1,8,1,4,3,3,1,0,2,7,3,,0,0,0,0,0,0,0,0,0,0,0,0,0,0,0,12,0,0,0,0,0,0,0,0,0,0,0,0,0,0,0,0,0,0,0,0,0,0,,,,,,,Spider Queen,Ämbliknaine
Kummitushobune,30,1,2,7,0,6,4,4,2,0,4,7,5,,0,0,0,0,0,0,0,0,0,0,0,0,0,0,0,15,0,0,0,0,0,0,0,0,0,0,0,0,0,0,0,0,0,0,0,0,0,0,,,,,,,Nightmare,Kummitushobune
Hüdra,50,3,2,5,-1,12,3,4,3,0,0,8,9,,0,0,0,0,0,0,0,0,0,0,0,0,0,0,0,30,0,0,0,0,0,0,0,0,0,0,6,0,0,0,0,0,0,0,0,0,0,0,,,,,,,Hydra,Hüdra
Iidne Ent,38,1,2,10,3,9,1,3,2,0,0,8,8,,0,0,0,0,0,0,0,0,0,0,0,0,0,0,0,21,0,0,0,0,0,0,0,0,0,0,0,0,0,0,0,0,0,0,0,0,0,0,,,,,,,Ancient Treant,Iidne Ent
Hunt,13,1,1,4,-1,2,3,1,0,0,3,6,2,,0,0,0,0,0,0,0,0,0,0,0,0,0,0,0,5,0,0,0,0,0,0,0,0,0,0,0,0,0,0,0,0,0,0,0,0,0,0,,,,,,,Wolf,Hunt
Haldjas,16,1,1,6,1,3,3,3,1,4,4,2,3,,0,20,0,0,0,0,0,0,2,0,0,0,3,0,0,3,1,Maagiline turvis,0,0,0,1,0,0,0,0,0,0,0,0,0,0,0,0,0,0,0,0,,,,,,,Elf,Haldjas
Ent,40,1,2,7,3,8,1,4,3,0,0,8,4,,0,0,0,0,0,0,0,0,0,0,0,0,0,0,0,19,0,0,0,0,0,0,0,0,0,0,0,0,0,0,0,0,0,0,0,0,0,0,,,,,,,Treant,Ent
Druiid,42,1,2,3,3,4,3,6,2,0,4,7,7,,0,25,0,20,0,0,0,0,3,0,3,0,0,0,0,19,2,Jäänool,Kutsu metsloomi,0,0,2,1,0,0,0,0,0,0,0,0,0,0,0,0,0,0,0,,,,,,,Druid,Druiid
Pistrik,9,1,1,3,0,1,4,1,0,0,3,3,1,,0,0,0,0,0,0,0,0,0,0,0,0,0,0,0,2,0,0,0,0,0,0,0,0,0,0,0,0,0,0,0,0,0,0,0,0,0,0,,,,,,,Falcon,Pistrik
Kotkas,15,1,1,5,0,2,4,2,0,0,3,5,2,,0,0,0,0,0,0,0,0,0,0,0,0,0,0,0,5,0,0,0,0,0,0,0,0,0,0,0,0,0,0,0,0,0,0,0,0,0,0,,,,,,,Eagle,Kotkas
Greif,25,1,2,4,0,4,4,3,2,7,5,7,4,,0,0,0,0,0,0,0,0,0,0,0,0,0,0,0,12,0,0,0,0,0,0,0,0,0,0,0,0,0,0,0,0,0,0,0,0,0,0,,,,,,,Griffin,Greif
Tormidraakon,35,2,1,8,-1,7,6,6,3,0,0,6,6,,0,0,0,0,0,0,0,0,0,0,0,0,0,0,0,26,0,0,0,0,0,0,0,0,0,0,0,0,0,0,0,0,0,0,0,0,0,0,,,,,,,Storm Dragon,Tormidraakon
Gremlin,10,1,1,3,1,1,2,3,0,2,4,3,1,,0,0,0,0,0,0,0,0,0,0,0,0,0,0,0,7,0,0,0,0,0,0,0,0,0,0,0,0,0,0,0,0,0,0,0,0,0,0,,,,,,,Gremlin,Gremlin
Jääkaru,22,1,2,4,-1,5,2,2,1,0,0,7,3,,0,0,0,0,0,0,0,0,0,0,0,0,0,0,0,10,0,0,0,0,0,0,0,0,0,0,0,0,0,0,0,1,0,0,0,0,0,0,,,,,,,Polar Bear,Jääkaru
Naga,35,2,2,4,2,5,3,5,2,6,2,7,5,,0,0,0,0,0,0,0,0,0,0,0,0,0,0,0,20,0,0,0,0,0,0,0,0,0,0,0,0,0,0,0,0,0,0,0,0,0,0,,,,,,,Naga,Naga
Jäädraakon,40,2,2,5,-1,6,5,5,2,0,0,7,6,,0,0,0,0,0,0,0,0,0,0,0,0,0,0,0,27,0,0,0,0,0,1,0,0,0,0,0,0,4,0,0,1,0,0,0,0,0,0,,,,,,,Ice Drake,Jäädraakon
Kassipoeg,5,1,1,2,-1,1,2,1,0,0,9,6,1,,0,0,0,0,0,0,0,0,0,0,0,0,0,0,0,2,0,0,0,0,0,0,0,0,0,0,0,0,0,0,0,0,0,0,0,Noor kass,1,0,,,,,,,Kitten,Kassipoeg
Kutsikas,6,1,1,3,-1,1,2,1,0,0,9,6,1,,0,0,0,0,0,0,0,0,0,0,0,0,0,0,0,2,0,0,0,0,0,0,0,0,0,0,0,0,0,0,0,0,0,0,0,Noor koer,1,0,,,,,,,Puppy,Kutsikas
Karupoeg,10,1,2,2,-1,2,2,2,0,0,9,7,2,,0,0,0,0,0,0,0,0,0,0,0,0,0,0,0,3,0,0,0,0,0,0,0,0,0,0,0,0,0,0,0,0,0,0,0,Noor karu,2,0,,,,,,,Bear cub,Karupoeg
Kotkapoeg,8,1,1,4,1,1,3,2,0,0,9,7,2,,0,0,0,0,0,0,0,0,0,0,0,0,0,0,0,3,0,0,0,0,0,0,0,0,0,0,0,0,0,0,0,0,0,0,0,Noor kotkas,3,0,,,,,,,Eaglet,Kotkapoeg
Tilluke madu,6,1,1,3,-1,1,2,3,0,0,9,6,1,,0,0,0,0,0,0,0,0,0,0,0,0,0,0,0,3,0,0,0,0,0,0,0,0,0,0,0,0,0,0,0,0,0,0,0,Väike madu,4,0,,,,,,,Tiny snake,Tilluke madu
Lõvikutsikas,14,1,2,2,-1,3,2,2,0,0,9,7,2,,0,0,0,0,0,0,0,0,0,0,0,0,0,0,0,3,0,0,0,0,0,0,0,0,0,0,0,0,0,0,0,0,0,0,0,Noor Lõvi,20,0,,,,,,,Lion cub,Lõvikutsikas
Pantrikutsikas,11,1,2,2,-1,2,3,2,0,0,9,7,2,,0,0,0,0,0,0,0,0,0,0,0,0,0,0,0,3,0,0,0,0,0,0,0,0,0,0,0,0,0,0,0,0,0,0,0,Noor panter,30,0,,,,,,,Panther cub,Pantrikutsikas
Tilluke paharett,8,1,1,3,1,1,2,3,0,0,9,6,1,,0,0,0,0,0,0,0,0,0,0,0,0,0,0,0,3,0,0,0,0,0,0,0,0,0,0,0,0,0,0,0,0,0,0,0,Väike paharett,40,0,,,,,,,Tiny imp,Tilluke paharett
Lohepoeg,12,1,2,3,-1,3,2,2,0,0,9,7,2,,0,0,0,0,0,0,0,0,0,0,0,0,0,0,0,5,0,0,0,0,0,0,0,0,0,0,0,0,0,0,0,0,0,0,0,Noor lohe,6,0,,,,,,,Baby hydra,Lohepoeg
Väike draakonibeebi,12,1,2,3,-1,3,2,2,0,0,9,7,2,,0,0,0,0,0,0,0,0,0,0,0,0,0,0,0,5,0,0,0,0,0,0,0,0,0,0,0,0,0,0,0,0,0,0,0,Draakonibeebi,5,0,,,,,,,Baby dragon,Väike draakonibeebi
Ratsakütt,20,1,2,4,11,4,4,4,1,0,6,7,4,,0,0,0,0,0,0,0,0,0,0,0,0,0,0,0,7,0,0,0,0,0,0,0,0,0,0,0,0,0,0,0,0,0,0,0,0,0,0,,,,,,,Horse Archer,Ratsakütt
Kilpkonnapoeg,7,1,1,2,-1,2,1,2,1,0,9,6,1,,0,0,0,0,0,0,0,0,0,0,0,0,0,0,0,2,0,0,0,0,0,0,0,0,0,0,0,0,0,0,0,0,0,0,0,Väike kilpkonn,7,0,,,,,,,Baby Turtle,Kilpkonnapoeg
Tilluke armadillo,10,1,1,4,1,2,1,2,2,0,9,7,2,,0,0,0,0,0,0,0,0,0,0,0,0,0,0,0,3,0,0,0,0,0,0,0,0,0,0,0,0,0,0,0,0,0,0,0,Väike armadillo,8,0,,,,,,,Tiny Armadillo,Tilluke armadillo
Hiirepoeg,2,1,1,2,-1,1,1,1,0,0,9,5,1,,0,0,0,0,0,0,0,0,0,0,0,0,0,0,0,0,0,0,0,0,0,0,0,0,0,0,0,0,0,0,0,0,0,0,0,Noor kass,9,0,,,,,,,Tiny Mouse,Hiirepoeg
Elektrisipelgas,1,1,1,4,-1,1,1,3,0,0,5,4,2,,0,0,0,0,0,0,0,0,0,0,0,0,0,0,0,4,0,0,0,0,0,0,0,0,0,0,0,13,0,1,1,1,1,0,0,0,0,0,,,,,,,Electric Ant,Elektrisipelgas
Iidne sitikas,3,1,2,2,-1,1,1,5,1,0,5,4,2,,0,0,0,0,0,0,0,0,0,0,0,0,0,0,0,11,0,0,0,0,0,0,0,0,0,0,0,24,0,1,1,1,1,0,0,0,0,0,,,,,,,Ancient bug,Iidne sitikas
Muumia,28,1,3,4,1,4,2,6,0,0,5,8,5,,0,0,0,0,30,0,0,0,0,0,0,3,0,0,0,16,1,Elusta surnud,0,0,0,1,0,0,0,0,4,0,0,0,0,0,1,1,0,0,0,0,,,,,,,Mummy,Muumia
Viirastus,37,1,4,6,1,3,3,7,0,0,5,8,7,,0,0,40,0,0,0,0,0,0,4,0,0,0,0,0,24,1,Piksenool,0,0,0,2,0,0,0,0,0,10,0,1,0,1,1,1,1,0,0,0,,,,,,,Revenant,Viirastus
Varas,9,1,1,5,1,2,3,2,0,2,5,1,1,,0,0,0,0,0,0,0,0,0,0,0,0,0,0,0,5,0,0,0,0,0,0,0,0,0,0,0,0,0,0,0,0,0,0,0,0,0,0,,,,,,,Thief,Varas
Marodöör,14,2,1,3,1,2,3,2,1,3,5,2,1,,0,0,0,0,0,0,0,0,0,0,0,0,0,0,0,10,0,0,0,0,0,0,0,0,0,0,0,0,0,0,0,0,0,0,0,0,0,0,,,,,,,Marodeur,Marodöör
Röövlipealik,26,1,3,5,0,5,4,4,3,7,5,6,5,,0,0,0,0,0,0,0,0,0,0,0,0,0,0,0,15,0,0,0,0,0,0,0,0,0,0,0,0,0,0,0,0,0,0,0,0,0,0,,,,,,,King of Robbers,Röövlipealik
Poliitik,110,1,1,7,1,2,4,6,1,0,5,8,6,,0,0,0,0,0,0,40,0,0,0,0,4,0,0,0,20,1,Kullapott,0,0,0,1,0,0,0,0,0,0,0,0,0,0,0,0,0,0,0,0,,,,,,,Politician,Poliitik
Kõvakilp Karbi,4,1,1,4,-1,2,2,2,4,0,5,8,1,,0,0,0,0,0,0,0,0,0,0,0,0,0,0,0,5,0,0,0,0,0,0,0,0,0,0,0,0,0,0,0,0,0,1,1,0,0,0,,,,,,,Hardshell Crab,Kõvakilp Karbi
Krokodill,17,1,3,2,-1,3,2,3,0,0,5,5,2,,0,0,0,0,0,0,0,0,0,0,0,0,0,0,0,10,0,0,0,0,0,0,0,0,0,0,0,0,0,0,0,0,0,0,0,0,0,0,,,,,,,Alligator,Krokodill
Mereröövel,24,1,3,4,2,5,3,5,2,7,5,7,5,,0,0,0,0,0,0,0,0,0,0,0,0,0,0,0,16,0,0,0,0,0,0,0,0,0,0,0,0,0,0,0,0,0,0,0,0,0,0,,,,,,,Pirate,Mereröövel
Kraken,45,4,3,3,0,8,4,6,3,0,5,8,9,,0,0,0,0,0,0,0,0,0,0,0,0,0,0,0,28,0,0,0,0,0,0,0,0,0,0,0,0,0,0,0,0,0,0,0,0,0,0,,,,,,,Kraken,Kraken
Name,hits,attacks,d1,d2,Dam_Type,Str,Dex,Power,Armor,Gallantry (AI),Obedience,Bravery,Relative Str,,Fire,Earth,Air,Water,Death,Life,Arcane,Fire+,Earth+,Air+,Water+,Death+,Life+,Arcane+,Building?,Cost to Hire,Spells,Sp1,Sp2,Sp3,Sp4,Knowledge 1,Knowledge 2,Knowledge 3,Knowledge 4,Fire dam,Poison dam,Air dam,Cold dam,Fire res,Light rest,Cold res,Pois res,Immune to bleed,Immune to stun,areneks kelleks,Pet type,spelllevel+,,,,,,,English Name,Est name
1,2,3,4,5,6,7,8,9,10,11,12,13,14,15,16,17,18,19,20,21,22,23,24,25,26,27,28,29,30,31,32,33,34,35,36,37,38,39,40,41,42,43,44,45,46,47,48,49,50,51,52,53,54,55,56,57,58,59,60,61
