string,col_1,col_2,col_3,col_4,col_5,col_6,col_7,col_8
Uus mäng,"Kes, mis","Kelle, mille",Kus kohas,"Keda, mida","Kellest, millest",Kellele millele,Kuhu,mitmus
Seadistused,Korog,Korogi,Korogis,Korogit,Korogist,Korogile,,
"Teisele mängijale asjade, raha ja maade saatmine on",Andres,Andrese,Andreses,Andrest,Andresest,Andresele,,
VÕIMALIK,Ian,Iani,Iannis,Iani,Ianist,Ianile,,
VÕIMATU,Joss,Jossi,Jossis,Jossi,Jossist,Jossile,,
Pane saatmine lubatuks,Mihkel,Mihkli,Mihklis,Mihklit,Mihklist,Mihklile,,
Pane saatmine keelatuks,Viivika,Viivika,Viivikas,Viivikat,Viivikast,Viivikale,,
Uus,,,,,,,,
2 Mängijat,,,,,,,,
3 Mängijat,Pood,Poe,Poes,Poodi,,,Poodi,
4 Mängijat,Sepikoda,Sepikoja,Sepikojas,Sepikoda,,,Sepikotta,
Keel:,Turg,Turu,Turul,Turgu,,,Turgu,
Inglise,Raamatukogu,Raamatukogu,Raamatukogus,Raamatukogu,,,Raamatukokku,
Eesti,Maagide Gild,Maagide Gildi,Maagide Gildis,Maagide Gildi,,,Maagide Gildi,
Muuda keelt,Palgasõdurite laager,Palgasõdurite laagri,Palgasõdurite laagris,Palgasõdurite laagrit,,,Palgasõdurite laagrisse,
Lahing lõppeb öö saabudes.,Treeninglaager,Treeninglaagri,Treeninglaagris,Treeninglaagrit,,,Treeninglaagrisse,
Liigu edasi,Puhkemaja,Puhkemaja,Puhkemajas,Puhkemaja,,,Puhkemajja,
Osta maa,Koobas,Koopa,Koopas,Koobast,,,Koopasse,
Valluta maa,Aarete Saar,Aarete Saare,Aarete Saarel,Aarete Saart,,,Aarete Saarele,
Tõsta sissetulekut,Katakombid,Katakombide,Katakombides,Katakombe,,,Katakombidesse,
Uus tugevam kaitsja,Varaste Gild,Varaste Gildi,Varaste Gildis,Varaste Gildi,,,Varaste Gildi,
Palka,Röövlite Gild,Röövlite Gildi,Röövlite Gildis,Röövlite Gildi,,,Röövlite Gildi,
Kaasas olevad asjad,Maagi Torn,Maagi Torni,Maagi Tornis,Maagi Torni,,,Maagi Torni,Maagi Tornid
Nõidused,Org,Oru,Orus,Orgu,,,Orgu,Orud
Ehita,Põlismets,Põlismetsa,Põlismetsas,Põlismetsa,,,Põlismetsa,Põlismetsad
Käigu lõpp,Kõrgendik,Kõrgendiku,Kõrgendikul,Kõrgendikku,,,Kõrgendikule,Kõrgendikud
Su täringuvisete tulemusteks on,Küngas,Künka,Künkal,Küngast,,,Künkale,Künkad
ja,Mägi,Mäe,Mäel,Mäge,,,Mäele,Mäed
"Sul õnnestus veeretada kaks ühesugust arvu!! Sa võid valida,",Tühermaa,Tühermaa,Tühermaal,Tühermaad,,,Tühermaale,Tühermaad
kas lõpptulemus alles jätta või uued arvud veeretada.,Tundra,Tundra,Tundras,Tundrat,,,Tundrasse,Tundrad
Tulemus sobib,Kõrb,Kõrbe,Kõrbes,Kõrbe,,,Kõrbe,Kõrbed
Veeretan uuesti,Soo,Soo,Soos,Sood,,,Sohu,Sood
Väga õnnelik käsi! Täpselt samad arvud jälle!,Vulkaan,Vulkaani,Vulkaanil,Vulkaani,,,Vulkaanile,Vulkaanid
Said,Põõsastik,Põõsastiku,Põõsastikus,Põõsastikku,,,Põõsastikule,Põõsastikud
$ boonusena!,Urg,Uru,Urus,Urgu,,,Urgu,Urud
Super õnnelik käsi! Täpselt samad arvud juba mitmendat korda järjest!!!!,Dzungel,Dzungli,Dzunglis,Dzunglit,,,Dzunglisse,Dzunglid
Võlu-tuul aitab sind!,Kaljustik,Kaljustiku,Kaljustikus,Kaljustikku,,,Kaljustikule,Kaljustikud
nõiutud tuul paiskab sind teelt!,Jäämaa,Jäämaa,Jäämaal,Jäämaad,,,Jäämaale,Jäämaad
nõiutud tuul üritab su liikumist takistada kuid sind see ei,Metsamaa,Metsamaa,Metsamaal,Metsamaad,,,Metsamaale,Metsamaad
mõjuta,Tontlik Mets,Tontiliku Metsa,Tontilikus Metsas,Tontiliku Metsa,,,Tontiliku Metsa,Tontilikud Metsad
!,Rohumaa,Rohumaa,Rohumaal,Rohumaad,,,Rohumaale,Rohumaad
Miinus 1 liikumisele,Püramiid,Püramiidi,Püramiidis,Püramiidi,,,Püramiidi,Püramiidid
Ei mõjuta,Varemed,Varemete,Varemetes,Varemeid,,,Varemetele,Varemed
Lisa,Rannik,Ranniku,Rannikul,Rannikut,,,Rannikule,Rannikud
liikumisele,Nuga,Noa,Noas,Nuga,,,,
", sinu käik jätkub!",Raudpistoda,Raudpistoda,Raudpistodas,Raudpistoda,,,,
Nõiutud tuul sundis sind liikuma hoopis,Teraspistoda,Teraspistoda,Teraspistodas,Teraspistoda,,,,
ruutu edasi!,Mithrilpistoda,Mithrilpistoda,Mithrilpistodas,Mithrilpistoda,,,,
Sa võid,Meremehe mõõk,Meremehe mõõga,Meremehe mõõgas,Meremehe mõõka,,,,
ära osta,Rapiir,Rapiiri,Rapiiris,Rapiiri,,,,
kulla eest.,Leekides pistoda,Leekides pistoda,Leekides pistodas,Leekides pistoda,,,,
Sul on,Raudmõõk,Raudmõõga,Raudmõõgas,Raudmõõka,,,,
kulda.,Terasmõõk,Terasmõõga,Terasmõõgas,Terasmõõka,,,,
Sul pole piisavalt raha et seda maad osta.,Haldjate mõõk,Haldjate mõõga,Haldjate mõõgas,Haldjate mõõka,,,,
See maa maksab,Mithrilmõõk,Mithrilmõõga,Mithrilmõõgas,Mithrilmõõka,,,,
Õnneks sind ei märgatud!,Võimas Lahingukirves,Võimsa Lahingukirve,Võimsas Lahingukirves,Võimsat Lahingukirvest,,,,
Sind nähti!,Samuraimõõk,Samuraimõõga,Samuraimõõgas,Samuraimõõka,,,,
Ei ründa,Külmutav mõõk,Külmutava mõõga,Külmutavas mõõgas,Külmutavat mõõka,,,,
Sepista relvi,Raudnui,Raudnuia,Raudnuias,Raudnuia,,,,
Sepista turviseid,Sõjanui,Sõjanuia,Sõjanuias,Sõjanuia,,,,
Puhka,Teraskoot,Teraskoodi,Teraskoodis,Teraskooti,,,,
elu juurde,Raske haamer,Raske haamri,Raske haamris,Rasket haamrit,,,,
Osta asju,Suur ogadega nui,Suure ogadega nuia,Suures ogadega nuias,Suurt ogadega nuia,,,,
Treeni võluvõimet,Tulekoot,Tulekoodi,Tulekoodis,Tulekooti,,,,
Täienda teadmisi nõidustest,Suur must haamer,Suure musta haamri,Suures mustas haamris,Suurt musta haamrit,,,,
See nõidus,Piksehaamer,Piksehaamri,Piksehaamris,Piksehaamrit,,,,
Tagasi,Haldjate nui,Haldjate nuia,Haldjate nuias,Haldjate nuia,,,,
Sa võid endale osta,Raudkiiver,Raudkiivri,Raudkiivris,Raudkiivrit,,,,
Uuri,Teraskiiver,Teraskiivri,Teraskiivris,Teraskiivrit,,,,
Sul pole piisavalt raha.,Kangelase kiiver,Kangelase kiivri,Kangelase kiivris,Kangelase kiivrit,,,,
Sa ostsid,Mithrilkiiver,Mithrilkiivri,Mithrilkiivris,Mithrilkiivrit,,,,
Sul on juba liiga palju asju kaasas!,Draakonikiiver,Draakonikiivri,Draakonikiivris,Draakonikiivrit,,,,
Kas sa tõesti tahad osta,Haldjate kroon,Haldjate krooni,Haldjate kroonis,Haldjate krooni,,,,
kulla eest?,Võluri müts,Võluri mütsi,Võluri mütsis,Võluri mütsi,,,,
Ei,Must näokaitse,Musta näokaitse,Mustas näokaitses,Musta näokaitset,,,,
Jah,Nahkvest,Nahkvesti,Nahkvestis,Nahkvesti,,,,
Pank,Maagirüü,Maagirüü,Maagirüüs,Maagirüüd,,,,
Varjupaik,Rõngassärk,Rõngassärgi,Rõngassärgis,Rõngassärki,,,,
Sinu,Raudrüü,Raudrüü,Raudrüüs,Raudrüüd,,,,
paljakäsi,Mithrilist turvis,Mithrilist turvise,Mithrilist turvises,Mithrilist turvist,,,,
paljakäsi,Must keep,Musta keebi,Mustas keebis,Musta keepi,,,,
lööb,Haldjate keep,Haldjate keebi,Haldjate keebis,Haldjate keepi,,,,
löök,Nekromandi keep,Nekromandi keebi,Nekromandi keebis,Nekromandi keepi,,,,
torkama,Haldjate soomusärk,Haldjate soomusärgi,Haldjate soomusärgis,Haldjate soomusärki,,,,
torkamis,Ruunimärgiga saapad,Ruunimärgiga saapad,Ruunimärgiga saabastes,Ruunimärgiga saapaid,,,,
torkerelv,Raudsaapad,Raudsaapad,Raudsaabastes,Raudsaapaid,,,,
torkab,Penikoorma saapad,Penikoorma saapad,Penikoorma saabastes,Penikoorma saapaid,,,,
lõikama,Haldjate saapad,Haldjate saapad,Haldjate saabastes,Haldjate saapaid,,,,
lõikamis,Mihtrilist saapad,Mihtrilist saapad,Mihtrilist saabastes,Mihtrilist saapaid,,,,
lõikerelv,Vaimu saapad,Vaimu saapad,Vaimu saabastes,Vaimu saapaid,,,,
raiub,Võluvõimu sõrmus,Võluvõimu sõrmuse,Võluvõimu sõrmuses,Võluvõimu sõrmust,,,,
purustama,Tugevuse sõrmus,Tugevuse sõrmuse,Tugevuse sõrmuses,Tugevuse sõrmust,,,,
purustamis,Kaitsesõrmus,Kaitsesõrmuse,Kaitsesõrmuses,Kaitsesõrmust,,,,
purustaja,Tulesõrmus,Tulesõrmuse,Tulesõrmuses,Tulesõrmust,,,,
lööb,Maasõrmus,Maasõrmuse,Maasõrmuses,Maasõrmust,,,,
Tule,Õhusõrmus,Õhusõrmuse,Õhusõrmuses,Õhusõrmust,,,,
põletab,Veesõrmus,Veesõrmuse,Veesõrmuses,Veesõrmust,,,,
Maa,Nekromandi sõrmus,Nekromandi sõrmuse,Nekromandi sõrmuses,Nekromandi sõrmust,,,,
lööb,Pühaku sõrmus,Pühaku sõrmuse,Pühaku sõrmuses,Pühaku sõrmust,,,,
Õhu,Maagi sõrmus,Maagi sõrmuse,Maagi sõrmuses,Maagi sõrmust,,,,
kõrvetab,Hiiglaste sõrmus,Hiiglaste sõrmuse,Hiiglaste sõrmuses,Hiiglaste sõrmust,,,,
Vee,Jõujook,Jõujoogi,Jõujoogis,Jõujooki,,,,
külmutab,Võluvõimu jook,Võluvõimu joogi,Võluvõimu joogis,Võluvõimu jooki,,,,
Musta maagia,Tervistav jook,Tervistava joogi,Tervistavas joogis,Tervistavat jooki,,,,
kurnab,Tugev tervisejook,Tugeva tervisejoogi,Tugevas tervisejoogis,Tugevat tervisejooki,,,,
Valge maagia,Elueliksiir,Elueliksiiri,Elueliksiiris,Elueliksiiri,,,,
tabab,Manaeliksiir,Manaeliksiiri,Manaeliksiiris,Manaeliksiiri,,,,
Arkaane,Tuleeliksiir,Tuleeliksiiri,Tuleeliksiiris,Tuleeliksiiri,,,,
tabab,Õhueliksiir,Õhueliksiiri,Õhueliksiiris,Õhueliksiiri,,,,
torkama,Jääeliksiir,Jääeliksiiri,Jääeliksiiris,Jääeliksiiri,,,,
torkamis,Maagia Noole nõidus,Maagia Noole nõiduse,Maagia Noole nõiduses,Maagia Noole nõidust,,,,
projektiil,Tulenoole nõidus,Tulenoole nõiduse,Tulenoole nõiduses,Tulenoole nõidust,,,,
laseb,Jäänoole nõidus,Jäänoole nõiduse,Jäänoole nõiduses,Jäänoole nõidust,,,,
annab sulle,Kullatekitamise nõidus,Kullatekitamise nõiduse,Kullatekitamise nõiduses,Kullatekitamise nõidust,,,,
mana päevas.,Asjatekitamise nõidus,Asjatekitamise nõiduse,Asjatekitamise nõiduses,Asjatekitamise nõidust,,,,
mana nüüd päevas),Inglite kutsumise nõidus,Inglite kutsumise nõiduse,Inglite kutsumise nõiduses,Inglite kutsumise nõidust,,,,
sinu mana juurdekasv vähenes,Loo Golemi nõidus,Loo Golemi nõiduse,Loo Golemi nõiduses,Loo Golemi nõidust,,,,
punkti võrra.,Surnute elustamise nõidus,Surnute elustamise nõiduse,Surnute elustamise nõiduses,Surnute elustamise nõidust,,,,
Võta,Ravimisnõidus,Ravimisnõiduse,Ravimisnõiduses,Ravimisnõidust,,,,
Võta kuld,Tulepalli nõidus,Tulepalli nõiduse,Tulepalli nõiduses,Tulepalli nõidust,,,,
Pärast ostu on sul,Piksenoole nõidus,Piksenoole nõiduse,Piksenoole nõiduses,Piksenoole nõidust,,,,
kulda alles.,Jumalate Viha nõidus,Jumalate Viha nõiduse,Jumalate Viha nõiduses,Jumalate Viha nõidust,,,,
Sa korjasid,Tulekolli loomise nõidus,Tulekolli loomise nõiduse,Tulekolli loomise nõiduses,Tulekolli loomise nõidust,,,,
üles.,Maakolli loomise nõidus,Maakolli loomise nõiduse,Maakolli loomise nõiduses,Maakolli loomise nõidust,,,,
Kas sa soovid,Õhukolli loomise nõidus,Õhukolli loomise nõiduse,Õhukolli loomise nõiduses,Õhukolli loomise nõidust,,,,
endale võtta?,Maagilise Turvise nõidus,Maagilise Turvise nõiduse,Maagilise Turvise nõiduses,Maagilise Turvise nõidust,,,,
Maagi õpilane,Maa haamri nõidus,Maa haamri nõiduse,Maa haamri nõiduses,Maa haamri nõidust,,,,
Maag,Metslooma nõidus,Metslooma nõiduse,Metslooma nõiduses,Metslooma nõidust,,,,
Nõid,Maagilise Tuule nõidus,Maagilise Tuule nõiduse,Maagilise Tuule nõiduses,Maagilise Tuule nõidust,,,,
Võlur,Kiirenduse nõidus,Kiirenduse nõiduse,Kiirenduse nõiduses,Kiirenduse nõidust,,,,
Torni Uks,Surma Haarde nõidus,Surma Haarde nõiduse,Surma Haarde nõiduses,Surma Haarde nõidust,,,,
Sinu Maagi torn annab sulle ühe (1),Kurjuse jaksu nõidus,Kurjuse jaksu nõiduse,Kurjuse jaksu nõiduses,Kurjuse jaksu nõidust,,,,
Sinu Maagi tornid annavad sulle,Veekolli loomise nõidus,Veekolli loomise nõiduse,Veekolli loomise nõiduses,Veekolli loomise nõidust,,,,
mana iga päev.,Kaitsevaimu nõidus,Kaitsevaimu nõiduse,Kaitsevaimu nõiduses,Kaitsevaimu nõidust,,,,
Osta endale lemmikloom,Surnute äratamise nõidus,Surnute äratamise nõiduse,Surnute äratamise nõiduses,Surnute äratamise nõidust,,,,
Treeni oma lemmiklooma,Piigimees,Piigimehe,Piigimehes,Piigimeest,Piigimehest,,,
Poe tagaotsas on puur ja seal sees istub,Mõõgamees,Mõõgamehe,Mõõgamees,Mõõgameest,Mõõgamehest,,,
ja vaatab sulle kurbade silmadega otsa.,Rüütel,Rüütli,Rüütel,Rüütlit,Rüütlist,,,
Poe omanik on nõus ta sulle loovutama,Kangelane,Kangelase,Kangelane,Kangelast,Kangelasest,,,
kulla eest.,Kadett,Kadeti,Kadett,Kadetti,Kadetist,,,
Kas sa soovid seda,Ratsanik,Ratsaniku,Ratsanik,Ratsanikku,Ratsanikust,,,
endale lemmikuks?,Valge rüütel,Valge rüütli,Valge rüütel,Valget rüütlit,Valgest rüütlist,,,
ja sind nähes laseb kuuldavale vägave möirge.,Sõjapealik,Sõjapealiku,Sõjapealik,Sõjapealikku,Sõjapealikust,,,
,Haldjas,Haldja,Haldjas,Haldjat,Haldjast,,,
"Sul on juba liiga palju kaaslaseid, rohkem ei mahu!",Kentaur,Kentauri,Kentaur,Kentauri,Kentaurist,,,
poodnikult.,Ükssarvik,Ükssarviku,Ükssarvik,Ükssarvikut,Ükssarvikust,,,
Sa ostsid,Fööniks,Fööniksi,Fööniks,Fööniksit,Fööniksist,,,
"Sa mängisid oma lemmikuga terve ülejäänud päeva,",Ork,Orki,Ork,Orki,Orgist,,,
harjutades teda iseendaga ja õpetades,Troll,Trolli,Troll,Trolli,Trollist,,,
enda käskudele kuuletuma.,Mäehiiglane,Mäehiiglase,Mäehiiglane,Mäehiiglast,Mäehiiglasest,,,
Päeva lõpuks,Kurat,Kuradi,Kurat,Kuradit,Kuradist,,,
sõnakuulelikult järgneb sulle kuhu iganes sa ei läheks.,Ogre,Ogre,Ogre,Ogret,Ogrest,,,
Kas sa soovid veeta oma ülejäänud päeva oma lemmikut treenides?,Päkapikk,Päkapiku,Päkapikk,Päkapikku,Päkapikust,,,
kuni jõudis kätte öö.,Golem,Golemi,Golem,Golemit,Golemist,,,
on saanud,Lahinguäss,Lahinguässa,Lahinguäss,Lahinguässa,Lahinguässast,,,
Sinu,Kivihiiglane,Kivihiiglase,Kivihiiglane,Kivihiiglast,Kivihiiglasest,,,
Karavan saabus kaugelt maalt koos sinule määratud asjaga.,Deemon,Deemoni,Deemon,Deemonit,Deemonist,,,
Investeeri ekspeditsiooni,Skorpion,Skorpioni,Skorpion,Skorpioni,Skorpionist,,,
Sinu karavan saabus kaugelt maalt suurte kasumitega.,Nomaad,Nomaadi,Nomaad,Nomaadi,Nomaadist,,,
Üüri 1 kaamel,Dzinn,Dzinni,Dzinni,Dzinni,Dzinnist,,,
Saada terve karavan,Suur Liivamadu,Suure Liivamao,Suur Liivamadu,Suurt Liivamadu,Suurest Liivamaost,,,
Sa võid saata karavani kaugele maale asju kokku ostma,Zombi,Zombi,Zombi,Zombit,Zombist,,,
Võid ka üürida vaid ühe kaamli kohe teeleasuvasse karavani,Ghuul,Ghuuli,Ghuul,Ghuuli,Ghuulist,,,
(Karavani ettevalmistamine reisiks võtab sul terve päeva),Wraith,Wraithi,Wraith,Wraithi,Wraithist,,,
Karavan edukalt teele saadetud.,Luukeredraakon,Luukeredraakoni,Luukeredraakon,Luukeredraakoni,Luukeredraakonist,,,
Kas ostad endale koha karavanis,Draakonipoeg,Draakonipoja,Draakonipoeg,Draakonipoega,Draakonipojast,,,
Müü asju,Punane Draakon,Punase Draakoni,Punane Draakon,Punast Draakoni,Punasest Draakonist,,,
Müü,Must Draakon,Musta Draakoni,Must Draakon,Musta Draakoni,Musast Draakonist,,,
Saada oma,Iidne Draakon,Iidse Draakoni,Iidne Draakon,Iidset Draakoni,Iidsest Draakonist,,,
Kasta oma,Vampiir,Vampiiri,Vampiir,Vampiiri,Vampiirist,,,
Sa võid ära müüa oma,Vaim,Vaimu,Vaim,Vaimu,Vaimust,,,
Sa võid saata oma,Kaitsevaim,Kaitsevaimu,Kaitsevaim,Kaitsevaimu,Kaitsevaimust,,,
Sa võid nõiutud vette kasta oma,Ingel,Ingli,Ingel,Inglit,Inglist,,,
(,Peaingel,Peaingli,Peaingel,Peainglit,Peainglist,,,
kulda),Jumal,Jumala,Jumal,Jumalate Viha nõidust,Jumalast,,,
Kas sa tõesti tahad müüa oma,Luukere,Luukere,Luukere,Luukeret,Luukerest,,,
Kas sa tõesti tahad saata oma,Tule Elemental,Tule Elementali,Tule Elemental,Tule Elementalit,Tule Elementalist,,,
Kas sa tõesti tahad vette kasta oma,Õhu Elemental,Õhu Elementali,Õhu Elemental,Õhu Elementalit,Õhu Elementalist,,,
Moment pole siin ühtki asja müügil.,Vee Elemental,Vee Elementali,Vee Elemental,Vee Elementalit,Vee Elementalist,,,
"(Kui relv jõkke kasta, kandub maagia jõest relva, muutes relva paremaks.)",Maa Elemental,Maa Elementali,Maa Elemental,Maa Elementalit,Maa Elementalist,,,
või,Vibukütt,Vibuküti,Vibukütt,Vibukütti,Vibukütist,,,Vibukütte
,Ambur,Amburi,Ambur,Amburit,Amburist,,,Ambureid
Sa kastsid oma,Täpsuslaskur,Täpsuslaskuri,Täpsuslaskur,Täpsuslaskurit,Täpsuslaskurist,,,Täpsuslaskureid
maagilisse vette. (Võta nüüd uuenenud relv üles),Kantsi Värav,Kantsi Värava,Kantsi Värav,Kantsi Väravat,Kantsi Väravast,,,
?,Linnuse Värav,Linnuse Värava,Linnuse Värav,Linnuse Väravat,Linnuse Väravast,,,
Sa müüsid oma,Lossi Värav,Lossi Värava,Lossi Värav,Lossi Väravat,Lossi Väravast,,,
,Torni Uks,Torni Ukse,Torni Uks,Torni Ust,Torni Uksest,,,
,Maagi õpilane,Maagi õpilase,Maagi õpilane,Maagi õpilast,Maagi õpilasest,,,
Sa saatsid oma,Maag,Maagi,Maag,Maagi,Maagist,,,
Kas sa soovid oma,Nõid,Nõia,Nõid,Nõida,Nõiast,,,
pähe panna,Võlur,Võluri mütsi,Võlur,Võlurit,Võlurist,,,
selga panna,Tilluke haldjas,Tillukese haldja,Tilluke haldjas,Tillukest haldjat,Tillukesest haldjast,,,
jalga panna,Barbar,Barbari,Barbar,Barbarit,Barbarist,,,
Kas sa tahad,Sõjaväe ülem,Sõjaväe ülema,Sõjaväe ülem,Sõjaväe ülemat,Sõjaväe ülemast,,,
endale relvaks kätte võtta,Titaan,Titaani,Titaan,Titaani,Titaanist,,,
Kas sa soovid oma,Savi Golem,Savi Golemi,Savi Golem,Savi Golemit,Savi Golemist,,,
"kätte võtta, et saaksid seda kasutada",Kivi Golem,Kivi Golemi,Kivi Golem,Kivi Golemit,Kivi Golemist,,,
sõrme panna,Raud Golem,Raud Golemi,Raud Golem,Raud Golemit,Raua Golemist,,,
Kas sa soovid oma,Teras Golem,Teras Golemi,Teras Golem,Teras Golemit,Teras Golemist,,,
ära kasutada?,Jahimees,Jahimehe,Jahimees,Jahimeest,Jahimehest,,,
läbi lugeda?,Shamaan,Shamaani,Shamaan,Shamaani,Shamaanist,,,
Kas sa soovid oma,Metsavaht,Metsavahi,Metsavaht,Metsavahti,Metsavahist,,,
peast ära võtta?,Deemonhunt,Deemonhundi,Deemonhunt,Deemonhunti,Deemonhundist,,,
seljast ära võtta?,Dervish,Dervishi,Dervish,Dervishit,Dervishist,,,
jalast ära võtta?,Koerakoonlane,Koerakoonlase,Koerakoonlane,Koerakoonlast,Koerakoonlasest,,,
sõrmest ära võtta?,Harpüia,Harpüia,Harpüia,Harpüiat,Harpüiast,,,
käest ära võtta?,Fanaatik,Fanaatiku,Fanaatik,Fanaatikut,Fanaatikust,,,
Võta ära,Suur Madu,Suure Mao,Suur Madu,Suurt Madu,Suurest Maost,,,
Vaata oma,Knoll,Knolli,Knoll,Knolli,Knollist,,,
Kasutusel relvana:,Basilisk,Basiliski,Basilisk,Basiliski,Basiliskist,,,
Kannad peas:,Libahunt,Libahundi,Libahunt,Libahunti,Libahundist,,,
Kannad seljas:,Võimas Gorgon,Võimsa Gorgoni,Võimas Gorgon,Võimast Gorgonit,Võimsast Gorgonist,,,
Kannad jalatsitena:,Nahkhiir,Nahkhiire,Nahkhiir,Nahkhiirt,Nahkhiirest,,,
Kannad paremas sõrmes:,Paharett,Pahareti,Paharett,Paharetti,Paharetist,,,
Kannad vasakus sõrmes:,Kivideemon,Kivideemoni,Kivideemon,Kivideemonit,Kivideemonist,,,
Ära kasutatav:,Minotaur,Minotauri,Minotaur,Minotauri,Minotaurist,,,
Kasuta,Madu,Mao,Madu,Madu,Maost,,,
Pane selge oma,Gorilla,Gorilla,Gorilla,Gorillat,Gorillast,,,
Pane kätte oma,Tiiger,Tiigri,Tiiger,Tiigerit,Tiigrist,,,
Pane sõrme oma,Loomade Isand,Loomade Isanda,Loomade Isand,Loomade Isandat,Loomade Isandast,,,
Pane pähe oma,Lõvi,Lõvi,Lõvi,Lõvi,Lõvist,,,
Pane jalga oma,Varjuhaldjas,Varjuhaldja,Varjuhaldjas,Varjuhaldjat,Varjuhaldjast,,,
Loe oma,Ämbliknaine,Ämbliknaise,Ämbliknaine,Ämbliknaist,Ämbliknaisest,,,
Läbi lugemata:,Kummitushobune,Kummitushobuse,Kummitushobune,Kummitushobust,Kummitushobusest,,,
Peale selle on sul,Hüdra,Hüdra,Hüdra,Hüdrat,Hüdrast,,,
"Asjad, mida kannad",Iidne Ent,Iidse Endi,Iidne Ent,Iidset Enti,Iidsest Endist,,,
kaasas,Karu,Karu,Karu,Karu,Karust,,,
Sa võtsid oma,Hunt,Hundi,Hunt,Hunti,Hundist,,,
relvana kätte.,Ent,Endi,Ent,Enti,Endist,,,
Nüüd suudad sa iga löögiga,Druiid,Druiidi,Druiid,Druiidi,Druiidist,,,
ja,Pistrik,Pistriku,Pistrik,Pistrikku,Pistrikust,,,
Põletada,Kotkas,Kotka,Kotkas,Kotkast,Kotkast,,,
Mürgitada,Greif,Greifi,Greif,Greiffi,Greifist,,,
Särtsutada,Tormidraakon,Tormidraakoni,Tormidraakon,Tormidraakonit,Tormidraakonist,,,
Jäätada,Gremlin,Gremlini,Gremlin,Gremlinit,Gremlinist,,,
elu maha.,Jääkaru,Jääkaru,Jääkaru,Jääkaru,Jääkarust,,,
torgata,Naga,Naga,Naga,Nagat,Nagast,,,
raiuda,Jäädraakon,Jäädraakoni,Jäädraakon,Jäädraakonit,Jäädraakonist,,,
lüüa,Maagia nool,Maagia noole,,,Maagia noolest,,,
vastasel,Kullapott,Kullapoti,,,Kullapotist,,,
kuni,Tekita asi,Tekita asja,,,Asja Tekitamisest,,,
",",Loo golem,Loo golemi,,,Loo golemist,,,
Sa võtsid oma,Tulenool,Tulenoole,,,Tulenoolest,,,
käest ära.,Tulekera,Tulekera,,,Tulekerast,,,
Nüüd teed sa iga löögiga,Loo tulekoll,Loo tulekolli,,,Tulekolli loomisest,,,
võrra haiget (kakeldes paljakäsi ja jalgadega).,Maagiline turvis,Maagilise turvise,,,Maagilisest turvisest,,,
Nüüd sa kannad oma,Loo maakoll,Loo maakolli,,,Maakolli loomisest,,,
Nüüd sa kannad,Maa haamer,Maa haamri,,,Maa haamrist,,,
oma paremas sõrmes.,Kutsu metsloomi,Kutsu metsloomi,,,Metsloomade kutsumisest,,,
oma vasakus sõrmes.,Maagiline tuul,Maagilise Tuule,,,Maagilisest tuulest,,,
Sa võtsid oma,Piksenool,Piksenoole,,,Piksenoolest,,,
peast ära.,Loo õhukoll,Loo õhukolli,,,Õhukolli loomisest,,,
seljast ära.,Jäänool,Jäänoole,,,Jäänoolest,,,
jalast ära.,Kiirendus,Kiirenduse,,,Kiirendusest,,,
sõrmest ära.,Lumetorm,Lumetormi,,,Lumetormist,,,
Sa kasutasid oma,Loo veekoll,Loo veekolli,,,Veekolli loomisest,,,
ära.,Surma haare,Surma haarde,,,Surma haardest,,,
Sa lugesid,Elusta surnud,Elusta surnute,,,Surnute elustamisest,,,
läbi. Nõiutud kiri haihtus seda lugedes.,Kurjuse jaks,Kurjuse jaksu,,,Kurjuse jaksust,,,
Sa jõid,Paranda haavu,Haavade parandamise,,,Haavade parandamisest,,,
Sa said,Inglite kutsumine,Inglite kutsumise,,,Inglite kutsumisest,,,
Sa kaotasid,Jumalate viha,Jumalate viha,,,Jumalate vihast,,,
elu.,Kutsu Kaitsevaim,Kaitsevaimu Kutsumise,,,Kaitsevaimu kutsumisest,,,
Nüüd jõuad sa vastast lüüa,Parun,Paruni,Parunis,Parunit,Parunist,Parunile,,
Nüüd jõuad sa vastast lüüa vaid,Krahv,Krahvi,Krahvis,Krahvi,Krahvist,Krahvile,,
Nüüd lööd sa vastast vaid ühe korra roundis.,Hertsog,Hertsogi,Hetsogis,Hertsogit,Hertsogist,Hertsogile,,
korda järjest.,Paruness,Parunessi,Parunessis,Parunessi,Parunessist,Parunessile,,
võlujõud,Krahvinna,Krahvinna,Krahvinnas,Krahvinnat,Krahvinnast,Krahvinnale,,
kaitse,Hertsoginna,Hertsoginna,Hetsoginnas,Hertsoginnat,Hertsoginnast,Hertsoginnale,,
Sinu,"Kes, mis","Kelle, mille",Kus,"Keda, mida","Kellest, millest",Kellele millele,,
vähenes,Noor karu,Noore karu,Noores karus,Noort karu,Noorest karust,Noorele karule,,
suurenes,Karu,karu,karus,karu,karust,karule,,
punkti võrra.,Suur karu,Suure karu,Suures karus,Suurt karu,Suurest karust,Suurele karule,,
Sinu,Noor kotkas,Noore kotka,Noores kotkas,Noort kotkast,Noorest kotkast,Noorele kotkale,,
on nüüd:,Kotkas,Kotka,Kotkas,Kotkast,Kotkast,Kotkale,,
Sinu teadmised,Suur kotkas,Suure kotka,Suures kotkas,Suurt kotkast,Suurest kotkast,Suurele kotkale,,
nõidusest suurenesid. (nüüd tugevusastmel,Väike madu,Väikse mao,Väikses maos,Väikest madu,Väiksest maost,Väiksele maole,,
),Madu,Mao,Maos,Madu,Maost,Maole,,
nõidusest vähenesid.,Suur madu,Suure mao,Suures maos,Suurt madu,Suurest maost,Suurele maole,,
mana tekkimine,Hiigelmadu,Hiigelmao,Hiigelmaos,Hiigelmadu,Hiigelmaost,Hiigelmaole,,
Sinu kaardi peal rändamise kiirus suurenes,Noor Lõvi,Noore lõvi,Noores lõvis,Noort lõvi,Noorest lõvist,Noorele lõvile,,
Sinu kaardi peal rändamise kiirus vähenes,Lõvi,Lõvi,Lõvis,Lõvi,Lõvist,Lõvile,,
lisaks,Võimas Lõvi,Võimsa lõvi,Võimsas lõvis,Võimsat lõvi,Võimsast lõvist,Võimsale lõvile,,
omadusele.,Noor panter,Noore pantri,Noores pantris,Noort pantrit,Noorest pantrist,Noorele pantrile,,
tulega põletamise,Panter,Pantri,Pantris,Pantrit,Pantrist,Pantrile,,
mürgitamise,Must Panter,Musta pantri,Mustas pantris,Musta pantrit,Mustast pantrist,Mustale pantrile,,
elektriga kõrvetamise,Väike paharett,Väikse pahareti,Väikses paharetis,Väikest paharetti,Väiksest paharetist,Väiksele paharetile,,
külmutamise,Paharett,Pahareti,Paharetis,Paharetti,Paharetist,Paharetile,,
,Väike deemon,Väikse deemoni,Väikses deemonis,Väikest deemonit,Väiksest deemonist,Väiksele deemonile,,
", (kalkulatsioon tehtud soovitataval jõul",Deemon,Deemoni,Deemonis,Deemonit,Deemonist,Deemonile,,
),Kõrgem deemon,Kõrgema deemoni,Kõrgemas deemonis,Kõrgemat deemonit,Kõrgemast deemonist,Kõrgemale deemonile,,
kaitsele löökide eest.,Noor lohe,Noore lohe,Noores lohes,Noort lohe,Noorest lohest,Noorele lohele,,
extra löök ühes lahingu roundis.,Kahepealine lohe,Kahepealise lohe,Kahepealises lohes,Kahepealist lohe,Kahepealisest lohest,Kahepealisele lohele,,
extra lööki ühes lahingu roundis.,Kolmepealine lohe,Kolmepealise lohe,Kolmepealises lohes,Kolmepealist lohe,Kolmepealisest lohest,Kolmepealisele lohele,,
elu juurde.,Viiepealine lohe,Viiepealise lohe,Viiepealises lohes,Viiepealist lohe,Viiepealisest lohest,Viiepealisele lohele,,
elu vähemaks.,Draakonibeebi,Draakonibeebi,Draakonibeebis,Draakonibeebit,Draakonibeebist,Draakonibeebile,,
,Draakonipoeg,Draakonipoja,Draakonipojas,Draakonipoega,Draakonipojast,Draakonipojale,,
,Noor draakon,Noore draakoni,Noores draakonis,Noort draakonit,Noorest draakonist,Noorele draakonile,,
,Punane draakon,Punase draakoni,Punases draakonis,Punast draakonit,Punasest Draakonist,Punasele draakonile,,
Palgasõdurite laager!,Suur punane draakon,Suure punase draakoni,Suures punases draakonis,Suurt punast draakonit,Suurest punasest draakonist,Suurele punasele draakonile,,
Vaid üksikud palgasõdurid on valmis pakkuma Sulle oma teeneid.,Punane mantel,Punase mantli,Punases mantlis,Punast mantlit,,,,
Sinust ollakse kuuldud. Mitmed on valmis relvi haarama.,,,,,,,,
Märkad kõikjal innustunuid nägusid. Paljud käivad end Sulle pakkumas.,Jää Altar,Jää Altari,Jää Altaris,Jää Altarit,,,,
Märkad kõikjal innustunuid nägusid. Paljud käivad end Sulle pakkumas.,Kants,Kantsi,Kantsis,Kantsi,,,,
Palka,Linnus,Linnuse,Linnuses,Linnust,,,,
Sa võid palgata:,Kindlus,Kindluse,Kindluses,Kindlust,,,,
", kes liituks sinuga",Valge Altar,Valge Altari,Valgesse Altaris,Valget Altarit,,,,
kulla eest,Valge Tempel,Valge Templi,Valgesse Templis,Valget Templit,,,,
-ks päevaks,Surma Altar,Surma Altari,Surma Altaris,Surma Altarit,,,,
"Kuigi märkad laagris mitmeid kolle, ei ükski neist nõus Sinuga liituma.",Surma Tempel,Surma Templi,Surma Templis,Surma Templit,,,,
Sul ei ole piisavalt kulda.,Õhu Altar,Õhu Altari,Õhu Altaris,Õhu Altarit,,,,
"Sul on juba liiga palju kaaslaseid, rohkem ei mahu!",Õhu Tempel,Õhu Templi,Õhu Templis,Õhu Templit,,,,
Sa palkasid,Maa Altar,Maa Altari,Maa Altaris,Maa Altarit,,,,
.,Maa Tempel,Maa Templi,Maa Tempelis,Maa Templit,,,,
kulla eest (,Tule Altar,Tule Altari,Tule Altaris,Tule Altarit,,,,
päevaks),Tule Tempel,Tule Templi,Tule Tempis,Tule Templit,,,,
Soovid sa palgata,Vee Altar,Vee Altari,Vee Altaris,Vee Altarit,,,,
kulla eest? (,Vee Tempel,Vee Templi,Vee Templis,Vee Tempit,,,,
Sattusid treening väljakutele!,Võitlusareen,Võitlusareeni,Võitlusareenil,Võitlusareeni,,,,
Olles neil väljakuil meenub Sulle Su lapsepõlv.,Sõjakool,Sõjakooli,Sõjakoolis,Sõjakooli,,,,
Sinusugusel kogenud sõdalasel ei ole siin enam midagi asjalikku teha!,Relvasepp,Relvasepa,Relvasepal,Relvaseppa,,,,
Treenimine võtab terve päeva!,Turvise Sepp,Turvise Sepa,Turvise Sepal,Turvise Seppa,,,,
Treeni jõudu,Jahilaager,Jahilaagri,Jahilaagris,Jahilaagrit,,,,
Treeni osavust,Laekur,Laekuri,Laekuris,Laekurit,,,,
Sinu,Draakoni pesa,Draakoni pesa,Draakoni pesas,Draakoni pesa,,,,
tõusis. Sinu,Pank,Panga,Pangas,Panka,,,,
on nüüd,Haldjate pühamu,Haldjate pühamu,Haldjate pühamus,Haldjate pühamu,,,,
Soovid Sa tõesti treenida oma,Varjupaik,Varjupaiga,Varjupaigas,Varjupaika,,,,
kulla eest?,Kasarmu,Kasarmu,Kasarmus,Kasarmut,,,,
"Jõud lisab Su löökidele tugevust, samuti",Tiir,Tiiru,Tiirus,Tiiru,,,,
suurendab ta Su elupunktide taastumise kiirust,Noolekoda,Noolekoja,Noolekojas,Noolekoda,,,,
ning lisaks annab iga 4-s jõud ühe kaitse.,Fire mana,Fire mana,Fire manas,Fire manat,,,,
"Osavus võimaldab Sul olla vastastest kiirem,",Earth mana,Earth mana,Earth mana,Earth manat,,,,
lisaks annab iga 5-s osavus ühe lisalöögi roundis.,Air mana,Air mana,Air mana,Air manat,,,,
"Võlujõud määrab ära Sinu loitsude tugevuse ja kestvuse,",Water mana,Water mana,Water mana,Water mana,,,,
samuti aitab ta Sul vastu seista vastaste loitsudele.,Death mana,Death mana,Death mana,Death mana,,,,
jõud,Life mana,Life mana,Life mana,Life mana,,,,
osavus,Arcane mana,Arcane mana,Arcane mana,Arcane mana,,,,
võlujõud,Metsavahipost,Metsavahiposti,Metsavahipostil,Metsavahiposti,,,,
Pühamu. Kui vaikne siin on!,Harpüia Pesa,Harpüia Pesa,Harpüia Pesas,Harpüia Pesa,,,,
Milline suurepärane koht puhkamiseks!,Hobusetall,Hobusetalli,Hobusetallis,Hobusetalli,,,,
Sa said,Ratsaväelane,Ratsaväelase,Ratsaväelases,Ratsaväelast,Ratsaväelasest,,,
Soovid Sa tõesti puhata?,Väike draakonibeebi,Väikse draakonibeebi,Väikses draakonibeebis,Väikest draakonibeebit,Väiksest draakonibeebist,,,
Soovid Sa tõepoolest ravitalitust?,Kassipoeg,Kassipoja,Kassipoeg,Kassipoega,Kassipojast,,,
See läheb Sulle maksma,Kutsikas,Kutsika,Kutsikas,Kutsikat,Kutsikast,,,
"(ravitakse kõiki, kes Sinuga ühes)",Lõvikutsikas,Lõvikutsika,Lõvikutsikas,Lõvikutsikat,Lõvikutsikast,,,
Ravitalitus,Pantrikutsikas,Pantrikutsika,Pantrikutsikas,Pantrikutsikat,Pantrikutsikast,,,
Aarete saar.,Karupoeg,Karupoja,Karupoeg,Karupoega,Karupojast,,,
Sisenesid katakombi.,Draakonibeebi,Draakonibeebi,Draakonibeebi,Draakonibeebit,Draakonibeebist,,,
Sisenesid koopasse.,Kotkapoeg,Kotkapoja,Kotkapojas,Kotkapoega,Kotkapojast,,,
"Leidsid varanduse, mida valvab koll. Julged sa teda häirida?",Tilluke madu,Tillukese mao,Tilluke madu,Tillukest madu,Tillukesest maost,,,
Võitle,Lohepoeg,Lohepoja,Lohepoeg,Lohepoega,Lohepojast,,,
Eemal kivide vahel märkad Sa redutamas,Tilluke paharett,Tillukese pahareti,Tillukese pahareti,Tillukest paharetti,Tillukesest paharetist,,,
kes kannab endaga kaasas,Noor kass,Noore kassi,Noores kassis,Noort kassi,Noorest kassist,,,
Kaljulõhe. Miski helgib seal teispool lõhet. Mis see küll olla võiks?,Kass,Kassi,Kassis,Kassi,Kassist,,,
Hüppa üle,Suur kass,Suure kassi,Suures kassis,Suurt kassi,Suurest kassist,,,
(Hinnates kiirelt olukorda: edu võimalused on 1:1 ... Kas proovid?),Noor koer,Noore koera,Noores koeras,Noort koera,Noorest koerast,,,
(Hinnates kiirelt olukorda: edu võimalused on 3:1),Koer,Koera,Koeras,Koera,Koerast,,,
(Hinnates kiirelt olukorda: pole midagi lihtsamat.),Suur koer,Suure koera,Suures koeras,Suurt koera,Suurest koerast,,,
"Käik on kive täis langenud. Sa ei pääse edasi ilma, et puhastaksid läbikäigu kividest.",Ratsakütt,Ratsaküti,Ratsakütis,Ratsakütti,Ratsakütist,Ratsakütile,,
"Kuid. Oled liialt nõrk, et liigutada neid kivimürakaid! (oleks tarvis vähemalt 3-st jõudu)",,,,,,,,
Vaata ette! Need kivid tunduvad ikka üsna rasked olevat! (võid endale liiga teha!),Kahekäemõõk,Kahekäemõõga,Kahekäemõõgas,Kahekäemõõka,,,,
Puhasta käik,Sõjakirves,Sõjakirve,Sõjakirves,Sõjakirvest,,,,
Leidsid iidse haukambri! Kuid Sinna pääsed vaid kui paned oma võlujõu proovile.,Kilpkonnapoeg,Kilpkonnapoja,Kilpkonnapojas,Kilpkonnapoega,Kilpkonnapojast,Kilpkonnapojale,,
Müstiline erak särab siin omaenese sisemises valguses.,Väike kilpkonn,Väikse kilpkonna,Väikses kilpkonnas,Väikest kilpkonna,Väiksest kilpkonnast,,,
"Milline õnnelik kohtumine! Rõõmus Sind nähes, pakub ta oma abi ...",Noor kilpkonn,Noore kilpkonna,Noores Kilpkonnas,Noort kilpkonna,Noorest kilpkonnast,,,
Lase end ravida,Kilpkonn,Kilpkonna,Kilpkonnas,Kilpkonna,Kilpkonnast,,,
Arenda võlujõudu,Suur kilpkonn,Suure Kilpkonna,Suures Kilpkonnas,Suurt kilpkonna,Suurest kilpkonnast,,,
Jõudsid seitsme purskkaevu saali. Iga purskkaev on erinevat värvi!,Hiigelkilpkonn,Hiigelkilpkonna,Hiigelkilpkonnas,Hiigelkilpkonna,Hiigelkilpkonnast,,,
Lahenda mõistatus,Väike armadillo,Väikse armadillo,Väikses armadillos,Väikest armadillot,Väiksest armadillost,,,
Joo,Noor armadillo,Noore armadillo,Noores armadillos,Noort armadillot,Noorest armadillost,,,
Kolm neist purskkaevudest on vett täis! Joo ühest ...,Armadillo,Armadillo,Armadillos,Armadillot,Armadillost,,,
Tunned Sind läbivat tugevat energiavoogu.,Suur armadillo,Suure armadillo,Suures armadillos,Suurt armadillot,Suurest armadillost,,,
Hetkeks tunned end kurnatuna.,Tilluke armadillo,Tillukese armadillo,Tillukeses armadillos,Tillukest armadillot,Tillukesest armadillost,,,
+ 1,Hiigelkaru,Hiigelkaru,Hiigelkarus,Hiigelkarut,Hiigelkarust,,,
mana taastumisele.,Elektrisipelgas,Elektrisipelga,Elektrisipelga,Elektrisipelgat,Elektrisipelgast,,,
Soovid Sa juua,Iidne sitikas,Iidse sitika,Iidses sitikas,Iidset sitikat,Iidsest sitikast,,,
purskkaevust?,Muumia,Muumia,Muumias,Muumiat,Muumiast,,,
Korjad kulla kokku ning loed kiirelt üle.,Viirastus,Viirastuse,Viirastuses,Viirastust,Viirastusest,,,
Kokku oli,Varas,Varga,Vargas,Varast,Vargast,,,
kulda.,Marodöör,Marodööri,Marodööris,Marodööri,Marodöörist,,,
Leidsid väikese koguse kulda.,Röövlipealik,Röövlipealiku,Röövlipealikus,Röövlipealikut,Röövlipealikust,,,
Kerge hüpe - ja üle Sa olidki.,Poliitik,Poliitiku,Poliitikus,Poliitikut,Poliitikust,,,
Võtad hoogu ja hüppad ...,Kõvakilp Krabi,Kõvakilp Krabi,Kõvakilp Krabis,Kõvakilp Krabi,Kõvakilp Krabist,,,
...maandusid õnnelikult ühele välja eenduvale kaljunukile. See läks napilt!,Krokodill,Krokodilli,Krokodillsi,Krokodilli,Krokodillist,,,
Pärast sellist katsumust - oled osavam (+1 osavusele lisaks),Mereröövel,Mereröövli,Mereröövlis,Mereröövlit,Mereröövlist,,,
Võtad hoogu ja hüppad ...,Kraken,Krakeni,Krakenis,Krakenit,Krakenist,,,
...kuid Sul ei õnnestunud hüpata üle lõhe.,,,,,,,,
Kaljult kaljule langedes jõuad Sa lõpuks põhja välja.,,,,,,,,
Kaotasid,Sarkofaag,Sarkofaagi,Sarkofaagis,Sarkofaagi,Sarkofaagist,,,
elupunkti.,Võlukamber,Võlukambri,Võlukambris,Võlukambrit,Võlukambrist,,,
Said surma!!!,Võlusaal,Võlusaali,Võlusaalis,Võlusaali,Võlusaalist,,,
"Olles kivid eemaldanud..., paljastus Sulle salajase kambri uks.",Täpsusekivi,Täpsusekivi,Täpsusekivis,Täpsusekivi,Täpsusekivist,,,
Kambri vasakust nurgast leiad Sa tolmunud kirstu. Avad kirstu ja leiad sealt...,Täpsusekristall,Täpsusekristalli,Täpsusekristallis,Täpsusekristalli,Täpsusekristallist,,,
See kivide veeretamine oli tõsine katsumus.,Tarkusekivi,Tarkusekivi,Tarkusekivis,Tarkusekivi,Tarkusekivist,,,
Kivide alt leidsid Sa vana räbaldunud seljakoti. Avad selle ja leiad sealt ...,,,,,,,,
Kivid olid liiga rasked! Sa ei jõudnud neid ära liigutada.,,,,,,,,
Keskendunult ja täpselt tegutsedes õnnestus Sul mõistatus lahendada.,,,,,,,,
Nüüd võid muret tundmata seda iidset hauakambrit uurida. Leidsid varanduse ...,,,,,,,,
Enesekindel tegutsemine on lisanud Sulle võlujõudu (+1 võlujõule),,,,,,,,
Hindasid oma jõudu üle. Ebaõnnestusid ning nüüd tabab Sind kivirahe.,,,,,,,,
Kaotasid,,,,,,,,
elupunkti.,jõud,jõu,,jõudu,,,,
"Et pääseda hauakambrisse, selleks pead lahendama mõistatuse.",osavus,osavuse,,osavust,,,,
Kuuldused Sinu edust on jõudnud kuningani! Kuningas saadab Sulle kingituse...,võlujõud,võlujõu,,võlujõudu,,,,
Vali neist üks ...,,,,,,,,
"Katakombi sügavustest leidsid vangikongi, mida valvab",,,,,,,,
"Katakombi sügavustest leidsid vangikongi, mille uks on nõiutud.",,,,,,,,
(et murda nõidust - selleks oleks tarvis vähemalt 3-st võlujõudu),,,,,,,,
Murra nõidus,,,,,,,,
Võitle valvuriga,,,,,,,,
Vabasta vangistatud,,,,,,,,
ja ta on igavesti Sulle tänulik.,,,,,,,,
Viimaks. Nõidus on murtud. Tänulik vang langetab Sinu ees pea.,,,,,,,,
Kahjuks on Sul juba maksimaalne arv kaaslasi.,,,,,,,,
ühines Sinu vägedega.,,,,,,,,
Nõidus ei murdu Su loitsimiste ees.,,,,,,,,
Mine vasakule,,,,,,,,
Mine paremale,,,,,,,,
Mine otse,,,,,,,,
märkad seal midagi helkimas.,,,,,,,,
"kuuled hääli, justkui oleks seal keegi liikumas.",,,,,,,,
kuuled sealt vee vulinat.,,,,,,,,
seal lasub pime ja rõhuv vaikus.,,,,,,,,
Vaata vasakule:,,,,,,,,
Vaata paremale:,,,,,,,,
Vaata otse:,,,,,,,,
Õpi,,,,,,,,
"Märkad vana, kuid austusväärset meest kaljunukil istumas.",,,,,,,,
Ta nõustus Sulle õpetama uue loitsu.,,,,,,,,
"Jõudsid maagilise maa-aluse jõe äärde, millel on võime relvadele uusi omadusi anda.",,,,,,,,
koit,,,,,,,,
hommik,,,,,,,,
pärastlõuna,,,,,,,,
õhtu,,,,,,,,
loojang,,,,,,,,
Päev,,,,,,,,
Julged Sa üle lõhe hüpata?,,,,,,,,
purskkaevust,,,,,,,,
paremaks,,,,,,,,
Ehita,,,,,,,,
Ehitasid,,,,,,,,
Kas Sa tõepoolest soovid ehitada,,,,,,,,
kulla eest?,,,,,,,,
Sinu teadmised,,,,,,,,
nõidusest suurenesid (nüüd tugevusastmel,,,,,,,,
).,,,,,,,,
nõidusest vähenesid.,,,,,,,,
Sa lööd nüüd,,,,,,,,
korda ühes roundis.,,,,,,,,
Sa lööd nüüd ainult ühe korra roundis.,,,,,,,,
Sa lööd nüüd ainult,,,,,,,,
annab iga päev,,,,,,,,
mana.,,,,,,,,
Suurendab Su teadmisi,,,,,,,,
nõidusest.,,,,,,,,
Annab,,,,,,,,
lisalöögi roundis.,,,,,,,,
lisalööki roundis.,,,,,,,,
Võimaldab ehitada lisaehitisi.,,,,,,,,
lisa,,,,,,,,
kohta,,,,,,,,
koha,,,,,,,,
", kuhu asuvad kaitsesse vibumehed.",,,,,,,,
Sinu vibumeeste tüüp saab olema,,,,,,,,
Puhkamine paraneb siin (+,,,,,,,,
puhkeväärtusele).,,,,,,,,
Maa maksumäär tõuseb (+,,,,,,,,
).,,,,,,,,
Võimaldab värvata uusi jõude oma vägedesse (,,,,,,,,
).,,,,,,,,
Võimaldab,,,,,,,,
Elupunktid,,,,,,,,
löök.,,,,,,,,
x raundi jooksul,,,,,,,,
jõud,,,,,,,,
osavus,,,,,,,,
võluvõime,,,,,,,,
Kaitse:,,,,,,,,
Mana,,,,,,,,
Teab,,,,,,,,
nõidust.,,,,,,,,
päeva veel,,,,,,,,
Maa kaitsja:,,,,,,,,
Maa:,,,,,,,,
Omanik:,,,,,,,,
omab,,,,,,,,
elupunkti ja ta teeb,,,,,,,,
lööke,,,,,,,,
Maalt laekuv kuld:,,,,,,,,
kulda,,,,,,,,
Puhkeväärtus:,,,,,,,,
Maa algne maksumäär:,,,,,,,,
Maksumus:,,,,,,,,
Neutraalsed,,,,,,,,
Kindlustusi ei ole,,,,,,,,
Kants (tase 1),,,,,,,,
Linnus (tase 2),,,,,,,,
Kindlus (tase 3),,,,,,,,
Tule mana,,,,,,,,
Maa mana,,,,,,,,
Vee mana,,,,,,,,
Õhu mana,,,,,,,,
Valge maagia mana,,,,,,,,
Musta maagia mana,,,,,,,,
Arkaane mana,,,,,,,,
Annab,,,,,,,,
mana.,,,,,,,,
Mana ei anna.,,,,,,,,
kord roundis.,,,,,,,,
korda roundis.,,,,,,,,
Maa:,,,,,,,,
teeb,,,,,,,,
kahju.,,,,,,,,
Kaitse:,,,,,,,,
Lahing,,,,,,,,
(,,,,,,,,
)   (,,,,,,,,
omab,,,,,,,,
elu,,,,,,,,
ja,,,,,,,,
kaitset.,,,,,,,,
teeb,,,,,,,,
d,,,,,,,,
lööke.,,,,,,,,
lööke,,,,,,,,
ja lööb,,,,,,,,
korda roundis.,,,,,,,,
Jõud:,,,,,,,,
",  Osavus:",,,,,,,,
",  Võlujõud:",,,,,,,,
"Nõidused, mida oskab:",,,,,,,,
Maade arv:,,,,,,,,
Sissetulek:,,,,,,,,
Kuld:,,,,,,,,
Kaaslaste arv:,,,,,,,,
Kasutatav relv:,,,,,,,,
kahju,,,,,,,,
(Pakkumine tehti tänu sellele et sul on vähemalt,,,,,,,,
jõudu,,,,,,,,
osavust,,,,,,,,
võlujõudu,,,,,,,,
kaitset,,,,,,,,
"(Kõige harilikum lemmik, igaüks võib saada)",,,,,,,,
),,,,,,,,
jõule.,,,,,,,,
osavusele.,,,,,,,,
võlujõule.,,,,,,,,
Suurendaks su teadmisi,,,,,,,,
nõidusest.,Hobune,Hobuse,Hobunei,Hobust,Hobusest,Hobusele,Hobuneile,
nõidusest. (,Karola,Karola,Karolai,Karolat,Karolast,Karolale,Jobu2ile,
Nõidumiseks on vajalik,Face,Face,Karolai,Face,Facest,Facele,Andresile,
mana olemasolu. (loe enne nõidus läbi),Mart,Mardi,Marti,Martti,Mardist,Mardile,Karolaile,
mana olemasolu.),Kristias,Kristiase,Kristiasi,Kristiast,Kristiasest,Kristiasele,Kristiasile,
sinu kaardi peal rändamise maksimum kiirusele.,Martin,Martini,Martini,Martinit,Martinist,Martinile,Martinile,
mana tekkimisele,Eva,,Evai,Evat,Evast,Evale,Evaile,
Sa oled suremas!,rainar,rainari,rainari,rainarit,rainarist,rainarile,rainarile,
", sa pead otsustama!",Kristjan,Kristjani,Kristjani,Kristjanit,Kristjanst,Kristjanile,Kristjanile,
",",Creature,Creature,Creaturei,Creaturet,Creaturest,Creaturele,Creatureile,
Kas sa aitad oma maad kaitsta või põgened kaugemale?,Michelek,Micheleki,Micheleki,Michelekit,Michelekst,Michelekile,Michelekile,
Liitu lahinguga,Annika,Annika,Annikai,Annikat,Annikast,Annikale,Annikaile,
Liigu eemale,YpsiloN,Ypsiloni,YpsiloNi,YpsiloNi,YpsiloNist,YpsiloNile,YpsiloNile,
ründab su maad!,Konrad,Konradi,Konradi,Konradit,Konradist,Konradile,Konradile,
", sa oled uimaseks löödud ja ei suuda midagi teha!!",Risto,Risto,Ristoi,Ristot,Ristost,Ristole,Ristoile,
", sa oled ära külmunud ja ei suuda end liigutada!!",Aare,Aare,Aarei,Aaret,Aarest,Aarele,Aareile,
", sa oled uimaseks löödud ja ära kulmutatud ja ei suuda midagi teha!!",Jobu2,,Jobu2i,,,,Jobu2ile,
", anna oma käsud lahinguks!",Janar,Janari,Janari,Janarit,Janarst,Janarile,Janarile,
Sa annad kõigile signaali,Hannes,Hannese,Hannesi,Hannest,Hannesest,Hannesele,Hannesile,
taganeda,Stolin,Stolini,Stolini,Stolinit,Stolinist,Stolinile,Stolinile,
lahinguväljalt!,,,,,,,,
rünnata,,,,,,,,
vastast!,,,,,,,,
Ründa,,,,,,,,
Põgene,,,,,,,,
Sihi,,,,,,,,
vägesid,,,,,,,,
kaitsjaid,,,,,,,,
Anna käsk: kõigil rünnata!,,,,,,,,
Anna käsk: kõigil taganeda!,,,,,,,,
nõiduse sihtmärki pole mitte kuskil näha. Nõidus katkestatud.,,,,,,,,
", kes kaotab",,,,,,,,
elu.,,,,,,,,
ei suutnud,,,,,,,,
üldse kahjustada...,,,,,,,,
(Tase,,,,,,,,
", mis kaotab",,,,,,,,
tugevuse punkti.,,,,,,,,
ja,,,,,,,,
"läbi turvise, kes kaotab",,,,,,,,
elu. (,,,,,,,,
läks löögist vähemaks tänu kaitsele),,,,,,,,
sai sügava haava!,,,,,,,,
on löögi võimsusest oimetu!!,,,,,,,,
põletavad leegid (kaotab,,,,,,,,
tabab elekter (kaotab,,,,,,,,
tabab jäine külmus (kaotab,,,,,,,,
tabab tugev mürgiannus!! (kaotab,,,,,,,,
elu),,,,,,,,
ja põleb heleda leegiga,,,,,,,,
ja läheb põlema.,,,,,,,,
ja on üleni jääs.,,,,,,,,
!,,,,,,,,
peab tulele vastu!!,,,,,,,,
peab elektrile vastu!!,,,,,,,,
peab külmale vastu!!,,,,,,,,
ei ole mürgist mõjutatud!!,,,,,,,,
tugevuse punkti),,,,,,,,
ajab,,,,,,,,
"taga, kuid ei suuda",,,,,,,,
kätte saada!,,,,,,,,
taga ja,,,,,,,,
on surnud!,,,,,,,,
on purustatud!,,,,,,,,
Kaitsjad on kõik põgenenud ja sa jätnud oma kodud valveta!,,,,,,,,
Nüüd sa võid siin kõik tühjaks röövida!,,,,,,,,
"Kahjuks on saabunud juba öö, nii et pole aega nende varanduse röövimiseks.",,,,,,,,
Kaitsjad on põgenenud!,,,,,,,,
sa kaotasid,,,,,,,,
elu see lahing!,,,,,,,,
sa said juurde,,,,,,,,
põleb kirka leegiga! (,,,,,,,,
-ne elukaotus),,,,,,,,
lahtised haavad jooksevad verd! (,,,,,,,,
-ne tugevuspunktide kaotus),,,,,,,,
põgenes lahingust!,,,,,,,,
on oimetu ja ei suuda põgeneda!,,,,,,,,
on jäätunud ja ei suuda põgeneda!,,,,,,,,
", naabruses oleva",,,,,,,,
"kaitsja, saabus lahingusse appi!",,,,,,,,
Lahingu nõidused,,,,,,,,
Sa oskad selliseid rahumeelseid loitse:,,,,,,,,
nõuab,,,,,,,,
Sa ei tea ühtki rahumeelset loitsu.,,,,,,,,
Rahumeelsed loitsud:,,,,,,,,
Sa oskad selliseid lahingu loitse:,,,,,,,,
Sa ei tea ühtki lahingu loitsu.,,,,,,,,
Sa kasutasid,,,,,,,,
nõidust  (tugevusastmel,,,,,,,,
),,,,,,,,
Sul jäi,,,,,,,,
mana järele.,,,,,,,,
mana  (Sul on,,,,,,,,
mana).,,,,,,,,
Sul pole piisavalt mana et seda nõidust kasutada!,,,,,,,,
Sa tekitasid nõidusega,,,,,,,,
kulda!!!,,,,,,,,
Mingi asi moodustus su jalge ees!,,,,,,,,
tekitas,,,,,,,,
Sa tekitasid nõidusega,,,,,,,,
(Tase,,,,,,,,
),,,,,,,,
Kahjuks su kaaslaste maximum arv on täis!,,,,,,,,
parandab,,,,,,,,
täiesti terveks,,,,,,,,
haavu,,,,,,,,
elu võrra.,,,,,,,,
nõidus loob maagilise turvise,,,,,,,,
nõidus parandab,,,,,,,,
nõidus pikendab,,,,,,,,
maagilise turvise kestvust.,,,,,,,,
nõidusel ei olnud mingit mõju.,,,,,,,,
ümber.,,,,,,,,
maagilise turvise kaitsevõimet.,,,,,,,,
nõidus paneb,,,,,,,,
palju kiiremini liikuma ja ründama!,,,,,,,,
nõidus parandab,,,,,,,,
rünnaku kiirust!,,,,,,,,
nõidus pikendab,,,,,,,,
kiirenduva nõiduse kestvust.,,,,,,,,
nõidus teeb,,,,,,,,
füüsiliselt palju tugevamaks!,,,,,,,,
nõidus suurendab,,,,,,,,
füüsilist jõudu!,,,,,,,,
nõidus pikendab,,,,,,,,
peal oleva jõu-nõiduse kestvust.,,,,,,,,
Sinu,,,,,,,,
nõidus võtab võimu tuulte üle!,,,,,,,,
nõidus võtab veel tugevamalt võimu tuulte üle!,,,,,,,,
nõidus pikendab nõiduslikku võimu tuulte üle!,,,,,,,,
sihtmärgiks on:,,,,,,,,
Kasuta,,,,,,,,
nõidust,,,,,,,,
MÄNG lõppes VIIGIGA!,,,,,,,,
", sinu jaoks on mäng läbi!",,,,,,,,
See nõidus,,,,,,,,
VÕIT,,,,,,,,
on sinu,,,,,,,,
Siin saad sulle teada olevaid nõiduseid kõrgema taseme peale õppida:,,,,,,,,
Maksab,,,,,,,,
kulda et tõsta nõiduse praegust taset,,,,,,,,
tasemele,,,,,,,,
Õpi,,,,,,,,
Siin saad sulle teada olevaid nõiduseid kõrgema taseme peale õppida.,,,,,,,,
Kahjuks sa ei tea veel ühtki nõidust!,,,,,,,,
paremaks,,,,,,,,
Sa teadmised,,,,,,,,
nõidusest paranesid.,,,,,,,,
Kas sa tõesti soovid oma teadmisi,,,,,,,,
nõidusest tõsta tasemelt,,,,,,,,
tasemele,,,,,,,,
?,,,,,,,,
(Maksab,,,,,,,,
kulda ja võtab aega terve päeva),,,,,,,,
(Nõiduse õppimine võtab aega terve päeva),,,,,,,,
Kas sa tõesti soovid ära õppida,,,,,,,,
nõiduse?,,,,,,,,
Teisele mängijale asjade saatmine,,,,,,,,
Sinu,,,,,,,,
lahkus su armeest.,,,,,,,,
Sa piinled,,,,,,,,
mürgi käes. (,,,,,,,,
elu kaotus.),,,,,,,,
Sa said,,,,,,,,
elu juurde.,,,,,,,,
Sul tekkis,,,,,,,,
),,,,,,,,
piinleb,,,,,,,,
on surnud!,,,,,,,,
mana (kokku,,,,,,,,
kaotas oma maagilise turvise.,,,,,,,,
kaotas oma üleloomuliku kiiruse.,,,,,,,,
kaotas oma üleloomuliku jõu.,,,,,,,,
Sinu maa uus kaitsja on,,,,,,,,
mis läks sulle,,,,,,,,
kulda maksma.,,,,,,,,
(Järgmine kord asub maad kaitsma juba,,,,,,,,
.),,,,,,,,
Kas sa soovid määrata,,,,,,,,
uueks,,,,,,,,
kulla eest?,,,,,,,,
kaitsjaks,,,,,,,,
liitus sinu armeega. (,,,,,,,,
alles palkamiseks),,,,,,,,
See oli neist ka viimane.),,,,,,,,
Aeg ajalt tuleb siia palgatavaid juurde.,,,,,,,,
Kas sa soovid palgata,,,,,,,,
kulla eest?,,,,,,,,
"Kuna on veel hommik, siis sa võid teleportida ükskõik millisesse erilisse paika,",,,,,,,,
kuid päeva lõpuks satud sa siia tagasi!,,,,,,,,
Telepordi,,,,,,,,
Sa tõstsid maa sissetuleku,,,,,,,,
pealt,,,,,,,,
peale.,,,,,,,,
Maa puhkeväärtus ka tõusis 1 võrra.,,,,,,,,
Sa röövisid,,,,,,,,
kulda.,,,,,,,,
Parun,,,,,,,,
Krahv,,,,,,,,
Hertsog,,,,,,,,
Paruness,,,,,,,,
Krahvinna,,,,,,,,
Hertsoginna,,,,,,,,
Vähemalt,,,,,,,,
maa omamine annab sulle õiguse,,,,,,,,
palgale kuninga palees. (,,,,,,,,
$.),,,,,,,,
Kuninga paleest saadeti sulle,,,,,,,,
kulda,,,,,,,,
palgana.,,,,,,,,
Sa saabusid,,,,,,,,
mille omanik on,,,,,,,,
.,,,,,,,,
"Sa kuuled pilkavat häält kõrgelt tornist: ""Keri minema""!",,,,,,,,
Sind rünnati kohe!,,,,,,,,
"Siin seisab väike kants, mile omanik on",,,,,,,,
"Siin seisab tugev linnus, mille omanik on",,,,,,,,
"Su teel seisab võimas kindlus, mille tornid on täis",,,,,,,,
.,,,,,,,,
"Nad lehvitavad sulle rõõmsalt, tapavalmis, hõisates ""Elagu",,,,,,,,
.,,,,,,,,
sõltumatule poolele.,,,,,,,,
"""!",,,,,,,,
Su vastased on surnud. Maa kuulub nüüd sulle!,,,,,,,,
Sa puhkad siin pikalt ja tunned end paremini. (,,,,,,,,
elu),,,,,,,,
Sa kogusid,,,,,,,,
kulda maksudena oma maadelt,,,,,,,,
ja lisaks,,,,,,,,
kulda tänu pangale,,,,,,,,
Mängija,,,,,,,,
", sisestage oma nimi, soovitatavalt mitte üle 7-me tähe..",,,,,,,,
Sisestage nimi siia,,,,,,,,
", (M)ees või (N)aine?",,,,,,,,
Sugu?,,,,,,,,
N,,,,,,,,
M,,,,,,,,
", sa kuuled eemalt lahingumüra. Kas sa soovid lahinguga liituda või liigud eemale?",,,,,,,,
Liigu lahingust eemale,,,,,,,,
", mida sa otsustad?",,,,,,,,
sõjaväge,,,,,,,,
Rüüsta,,,,,,,,
hammustama,,,,,,,,
hammustamis,,,,,,,,
hambad,,,,,,,,
hammustab,,,,,,,,
Kõik lõpuni ehitatud!,,,,,,,,
Annab sulle võimaluse teleportida oma kindlust kaitsma.,,,,,,,,
Suurendab su sissetulekut oma kõikide maade pealt.,,,,,,,,
Portaal,,,,,,,,
",",,,,,,,,
Kas sa saabud oma kindlust kaitsma (läbi portaali) või ei?,,,,,,,,
Telepordi kohale!,,,,,,,,
Ei lähe abistama,,,,,,,,
saabus su kindluse alla!,,,,,,,,
Elud:,,,,,,,,
Nõidusega +,,,,,,,,
kaitsele,,,,,,,,
(,,,,,,,,
päevaks),,,,,,,,
jõule,,,,,,,,
Tuulte käsutamine (Tugevusel,,,,,,,,
),,,,,,,,
Osavusele ja löökide arvule roundis.,,,,,,,,
Sa tekitaksid nõidusega,,,,,,,,
Su nõidus suurendaks sihtmärgi füüsilist jõudu,,,,,,,,
võrra.,,,,,,,,
Su nõidus võtaks tuuled sinu kontrolli alla (tugevusastmel,,,,,,,,
)!,,,,,,,,
Su nõidus suurendaks sihtmärgi osavust ja rünnakute arvu,,,,,,,,
võrra,,,,,,,,
Su nõidus suurendaks sihtmärgi kaitset,,,,,,,,
võrra.,,,,,,,,
päeva möödudes saab tast,,,,,,,,
Sul pole piisavalt raha et palgata käskjalg ja saata lisaks raha temaga kaasa.,,,,,,,,
Sul pole raha käskjala jaoks.,,,,,,,,
Kellele saata kulda?,,,,,,,,
Kellele saata asi?,,,,,,,,
Kellele saata maa omandiõigus?,,,,,,,,
Sa saatsid,,,,,,,,
kõik oma,,,,,,,,
oma,,,,,,,,
", mis asetseb ruudul #",,,,,,,,
.,,,,,,,,
on uus omanik hiljemalt,,,,,,,,
päeva jooksul,,,,,,,,
Kas sa tõesti tahad saata,,,,,,,,
(Saatmine maksab 50 kulda),,,,,,,,
Saada,,,,,,,,
ruudul #,,,,,,,,
"Siin saad saata kulda, asju ja maid teisele mängijale.",,,,,,,,
(Käskjala palkamine maksab,,,,,,,,
kulda ja saatmise ettevalmistamine võtab,,,,,,,,
1/3 päeva,,,,,,,,
.),,,,,,,,
Teine mängija saab su saadetise 3 päeva jooksul.,,,,,,,,
Saada kulda,,,,,,,,
Saada asi,,,,,,,,
Saada maa,,,,,,,,
Vali number 1-,,,,,,,,
Kui palju kulda sa saadad?,,,,,,,,
Sa saadad,,,,,,,,
kulda,,,,,,,,
Sulle saabus,,,,,,,,
kulda!,,,,,,,,
Sulle saabus:,,,,,,,,
on nüüd sinu kontrolli all!,,,,,,,,
Kuld teele saadetud!,,,,,,,,
kullatükk!,,,,,,,,
kulla,,,,,,,,
"Järgmine kord kui siia satud, on karavan juba varandusega tagasi.",,,,,,,,
Töötle relva,,,,,,,,
Kui sul vaid oleks mõni relv kaasas mida siia maagilisse jõkke kasta ..,,,,,,,,
Sepista paremaks,,,,,,,,
Sepp lubab tasuta kasutada oma tööriistu. Võid üritada mõnda relva paremaks teha.,,,,,,,,
Sa võid paremaks teha oma,,,,,,,,
Kas sa tahad paremaks sepistada oma,,,,,,,,
Tänu sinu osavus,,,,,,,,
-le ja arvestades relva enda kvaliteeti on sinu võimalused:,,,,,,,,
võimalus et relval paraneb,,,,,,,,
roll,,,,,,,,
võrra,,,,,,,,
võimalus et relva paremaks sepistamine ebaõnnestub,,,,,,,,
Su,,,,,,,,
läks,,,,,,,,
paremaks sepistamine,,,,,,,,
ebaõnnestus,,,,,,,,
ühe,,,,,,,,
kahe,,,,,,,,
võrra paremaks,,,,,,,,
(võid relva üles korjata).,,,,,,,,
Sul kahjuks pole ühtki relva kaasas,,,,,,,,
koos boonusega,,,,,,,,
Nüüdsest lisandub su nõidumistele +,,,,,,,,
boonustase.,,,,,,,,
Tõstab su nõidumiste taset,,,,,,,,
võrra. (kõik nõidused on nõidumisehetkel tugevamad),,,,,,,,
Annab,,,,,,,,
